"","Type.of.feeding.interaction","Life.stage","Location","Intercept","Slope.Regression","R.Squared","F-statistic","P-value"
"1","predacious/piscivorous","adult","Apalachicola Bay, Florida","2.05206","0.6219","0.38428","34.95099","2.11324894527804e-07"
"2","predacious/piscivorous","adult","Crooked Island Sound, Florida","2.08238","0.50645","0.29371","42.00136","3.37813443070404e-09"
"3","predacious/piscivorous","adult","Gulf of Alaska","2.08238","0.50645","0.29371","42.00136","3.37813443070404e-09"
"4","predacious/piscivorous","adult","Jeffreys Ledge, Gulf of Maine, New England","2.08238","0.50645","0.29371","42.00136","3.37813443070404e-09"
"5","predacious/piscivorous","adult","Stellwagen Bank, Gulf of Maine, New England","2.08238","0.50645","0.29371","42.00136","3.37813443070404e-09"
"6","predacious/piscivorous","adult","Cape Cod Bay, Gulf of Maine, New England","2.08238","0.50645","0.29371","42.00136","3.37813443070404e-09"
"7","predacious/piscivorous","adult","Great Channel South, Gulf of Maine, New England","2.08238","0.50645","0.29371","42.00136","3.37813443070404e-09"
"8","predacious/piscivorous","adult","South of Marthas Vineyard, New England","2.08238","0.50645","0.29371","42.00136","3.37813443070404e-09"
"9","predacious/piscivorous","adult","Gulf of Maine, New England","2.08238","0.50645","0.29371","42.00136","3.37813443070404e-09"
"10","predacious/piscivorous","adult","Andaman Sea (West of South Thailand)","2.08238","0.50645","0.29371","42.00136","3.37813443070404e-09"
"11","predacious/piscivorous","adult","Mid Atlantic","2.08238","0.50645","0.29371","42.00136","3.37813443070404e-09"
"12","predacious/piscivorous","adult","NE North Sea and Skaggerak","2.08238","0.50645","0.29371","42.00136","3.37813443070404e-09"
"13","predacious/piscivorous","adult","W Greenland","2.08238","0.50645","0.29371","42.00136","3.37813443070404e-09"
"14","predacious/piscivorous","adult","French Polynesian EEZ","2.08238","0.50645","0.29371","42.00136","3.37813443070404e-09"
"15","predacious/piscivorous","adult","Catalan Sea","2.08238","0.50645","0.29371","42.00136","3.37813443070404e-09"
"16","predacious/piscivorous","adult","Western North Pacific","2.08238","0.50645","0.29371","42.00136","3.37813443070404e-09"
"17","predacious/piscivorous","adult","Atlantic Ocean","2.08238","0.50645","0.29371","42.00136","3.37813443070404e-09"
"18","predacious/piscivorous","adult","Off the Bay of Biscay","2.08238","0.50645","0.29371","42.00136","3.37813443070404e-09"
"19","predacious/piscivorous","adult","Great South Bay, Long Island, New York","2.08238","0.50645","0.29371","42.00136","3.37813443070404e-09"
"20","predacious/piscivorous","adult","Strait of Georgia","2.08238","0.50645","0.29371","42.00136","3.37813443070404e-09"
"21","predacious/piscivorous","adult","Europe, Celtic Sea ecosystem","2.08238","0.50645","0.29371","42.00136","3.37813443070404e-09"
"22","predacious/piscivorous","adult","Antarctic Peninsula","2.08238","0.50645","0.29371","42.00136","3.37813443070404e-09"
"23","predacious/piscivorous","adult","Oxwich Bay, Wales","2.08238","0.50645","0.29371","42.00136","3.37813443070404e-09"
"24","predacious/piscivorous","adult","Greenland","2.08238","0.50645","0.29371","42.00136","3.37813443070404e-09"
"25","predacious/piscivorous","adult","Eastern Mediterranean","2.08238","0.50645","0.29371","42.00136","3.37813443070404e-09"
"26","predacious/piscivorous","juvenile","Apalachicola Bay, Florida","2.08238","0.50645","0.29371","42.00136","3.37813443070404e-09"
"27","predacious/piscivorous","juvenile","Crooked Island Sound, Florida","2.08238","0.50645","0.29371","42.00136","3.37813443070404e-09"
"28","predacious/piscivorous","juvenile","Gulf of Alaska","2.08238","0.50645","0.29371","42.00136","3.37813443070404e-09"
"29","predacious/piscivorous","juvenile","Jeffreys Ledge, Gulf of Maine, New England","2.08238","0.50645","0.29371","42.00136","3.37813443070404e-09"
"30","predacious/piscivorous","juvenile","Stellwagen Bank, Gulf of Maine, New England","2.08238","0.50645","0.29371","42.00136","3.37813443070404e-09"
"31","predacious/piscivorous","juvenile","Cape Cod Bay, Gulf of Maine, New England","2.08238","0.50645","0.29371","42.00136","3.37813443070404e-09"
"32","predacious/piscivorous","juvenile","Great Channel South, Gulf of Maine, New England","2.08238","0.50645","0.29371","42.00136","3.37813443070404e-09"
"33","predacious/piscivorous","juvenile","South of Marthas Vineyard, New England","2.08238","0.50645","0.29371","42.00136","3.37813443070404e-09"
"34","predacious/piscivorous","juvenile","Gulf of Maine, New England","2.08238","0.50645","0.29371","42.00136","3.37813443070404e-09"
"35","predacious/piscivorous","juvenile","Andaman Sea (West of South Thailand)","2.08238","0.50645","0.29371","42.00136","3.37813443070404e-09"
"36","predacious/piscivorous","juvenile","Mid Atlantic","2.08238","0.50645","0.29371","42.00136","3.37813443070404e-09"
"37","predacious/piscivorous","juvenile","NE North Sea and Skaggerak","2.08238","0.50645","0.29371","42.00136","3.37813443070404e-09"
"38","predacious/piscivorous","juvenile","W Greenland","2.08238","0.50645","0.29371","42.00136","3.37813443070404e-09"
"39","predacious/piscivorous","juvenile","French Polynesian EEZ","2.08238","0.50645","0.29371","42.00136","3.37813443070404e-09"
"40","predacious/piscivorous","juvenile","Catalan Sea","2.08238","0.50645","0.29371","42.00136","3.37813443070404e-09"
"41","predacious/piscivorous","juvenile","Western North Pacific","2.08238","0.50645","0.29371","42.00136","3.37813443070404e-09"
"42","predacious/piscivorous","juvenile","Atlantic Ocean","2.08238","0.50645","0.29371","42.00136","3.37813443070404e-09"
"43","predacious/piscivorous","juvenile","Off the Bay of Biscay","2.08238","0.50645","0.29371","42.00136","3.37813443070404e-09"
"44","predacious/piscivorous","juvenile","Great South Bay, Long Island, New York","2.08238","0.50645","0.29371","42.00136","3.37813443070404e-09"
"45","predacious/piscivorous","juvenile","Strait of Georgia","2.08238","0.50645","0.29371","42.00136","3.37813443070404e-09"
"46","predacious/piscivorous","juvenile","Europe, Celtic Sea ecosystem","2.08238","0.50645","0.29371","42.00136","3.37813443070404e-09"
"47","predacious/piscivorous","juvenile","Antarctic Peninsula","2.08238","0.50645","0.29371","42.00136","3.37813443070404e-09"
"48","predacious/piscivorous","juvenile","Oxwich Bay, Wales","2.08238","0.50645","0.29371","42.00136","3.37813443070404e-09"
"49","predacious/piscivorous","juvenile","Greenland","2.08238","0.50645","0.29371","42.00136","3.37813443070404e-09"
"50","predacious/piscivorous","juvenile","Eastern Mediterranean","2.08238","0.50645","0.29371","42.00136","3.37813443070404e-09"
"51","predacious/piscivorous","larva","Apalachicola Bay, Florida","2.08238","0.50645","0.29371","42.00136","3.37813443070404e-09"
"52","predacious/piscivorous","larva","Crooked Island Sound, Florida","2.08238","0.50645","0.29371","42.00136","3.37813443070404e-09"
"53","predacious/piscivorous","larva","Gulf of Alaska","2.08238","0.50645","0.29371","42.00136","3.37813443070404e-09"
"54","predacious/piscivorous","larva","Jeffreys Ledge, Gulf of Maine, New England","2.08238","0.50645","0.29371","42.00136","3.37813443070404e-09"
"55","predacious/piscivorous","larva","Stellwagen Bank, Gulf of Maine, New England","2.08238","0.50645","0.29371","42.00136","3.37813443070404e-09"
"56","predacious/piscivorous","larva","Cape Cod Bay, Gulf of Maine, New England","2.08238","0.50645","0.29371","42.00136","3.37813443070404e-09"
"57","predacious/piscivorous","larva","Great Channel South, Gulf of Maine, New England","2.08238","0.50645","0.29371","42.00136","3.37813443070404e-09"
"58","predacious/piscivorous","larva","South of Marthas Vineyard, New England","2.08238","0.50645","0.29371","42.00136","3.37813443070404e-09"
"59","predacious/piscivorous","larva","Gulf of Maine, New England","2.08238","0.50645","0.29371","42.00136","3.37813443070404e-09"
"60","predacious/piscivorous","larva","Andaman Sea (West of South Thailand)","2.08238","0.50645","0.29371","42.00136","3.37813443070404e-09"
"61","predacious/piscivorous","larva","Mid Atlantic","2.08238","0.50645","0.29371","42.00136","3.37813443070404e-09"
"62","predacious/piscivorous","larva","NE North Sea and Skaggerak","2.08238","0.50645","0.29371","42.00136","3.37813443070404e-09"
"63","predacious/piscivorous","larva","W Greenland","2.08238","0.50645","0.29371","42.00136","3.37813443070404e-09"
"64","predacious/piscivorous","larva","French Polynesian EEZ","2.08238","0.50645","0.29371","42.00136","3.37813443070404e-09"
"65","predacious/piscivorous","larva","Catalan Sea","2.08238","0.50645","0.29371","42.00136","3.37813443070404e-09"
"66","predacious/piscivorous","larva","Western North Pacific","2.08238","0.50645","0.29371","42.00136","3.37813443070404e-09"
"67","predacious/piscivorous","larva","Atlantic Ocean","2.08238","0.50645","0.29371","42.00136","3.37813443070404e-09"
"68","predacious/piscivorous","larva","Off the Bay of Biscay","2.08238","0.50645","0.29371","42.00136","3.37813443070404e-09"
"69","predacious/piscivorous","larva","Great South Bay, Long Island, New York","2.08238","0.50645","0.29371","42.00136","3.37813443070404e-09"
"70","predacious/piscivorous","larva","Strait of Georgia","2.08238","0.50645","0.29371","42.00136","3.37813443070404e-09"
"71","predacious/piscivorous","larva","Europe, Celtic Sea ecosystem","2.08238","0.50645","0.29371","42.00136","3.37813443070404e-09"
"72","predacious/piscivorous","larva","Antarctic Peninsula","2.08238","0.50645","0.29371","42.00136","3.37813443070404e-09"
"73","predacious/piscivorous","larva","Oxwich Bay, Wales","2.08238","0.50645","0.29371","42.00136","3.37813443070404e-09"
"74","predacious/piscivorous","larva","Greenland","2.08238","0.50645","0.29371","42.00136","3.37813443070404e-09"
"75","predacious/piscivorous","larva","Eastern Mediterranean","2.08238","0.50645","0.29371","42.00136","3.37813443070404e-09"
"76","predacious/piscivorous","larva / juvenile","Apalachicola Bay, Florida","2.08238","0.50645","0.29371","42.00136","3.37813443070404e-09"
"77","predacious/piscivorous","larva / juvenile","Crooked Island Sound, Florida","2.08238","0.50645","0.29371","42.00136","3.37813443070404e-09"
"78","predacious/piscivorous","larva / juvenile","Gulf of Alaska","2.08238","0.50645","0.29371","42.00136","3.37813443070404e-09"
"79","predacious/piscivorous","larva / juvenile","Jeffreys Ledge, Gulf of Maine, New England","2.08238","0.50645","0.29371","42.00136","3.37813443070404e-09"
"80","predacious/piscivorous","larva / juvenile","Stellwagen Bank, Gulf of Maine, New England","2.08238","0.50645","0.29371","42.00136","3.37813443070404e-09"
"81","predacious/piscivorous","larva / juvenile","Cape Cod Bay, Gulf of Maine, New England","2.08238","0.50645","0.29371","42.00136","3.37813443070404e-09"
"82","predacious/piscivorous","larva / juvenile","Great Channel South, Gulf of Maine, New England","2.08238","0.50645","0.29371","42.00136","3.37813443070404e-09"
"83","predacious/piscivorous","larva / juvenile","South of Marthas Vineyard, New England","2.08238","0.50645","0.29371","42.00136","3.37813443070404e-09"
"84","predacious/piscivorous","larva / juvenile","Gulf of Maine, New England","2.08238","0.50645","0.29371","42.00136","3.37813443070404e-09"
"85","predacious/piscivorous","larva / juvenile","Andaman Sea (West of South Thailand)","2.08238","0.50645","0.29371","42.00136","3.37813443070404e-09"
"86","predacious/piscivorous","larva / juvenile","Mid Atlantic","2.08238","0.50645","0.29371","42.00136","3.37813443070404e-09"
"87","predacious/piscivorous","larva / juvenile","NE North Sea and Skaggerak","2.08238","0.50645","0.29371","42.00136","3.37813443070404e-09"
"88","predacious/piscivorous","larva / juvenile","W Greenland","2.08238","0.50645","0.29371","42.00136","3.37813443070404e-09"
"89","predacious/piscivorous","larva / juvenile","French Polynesian EEZ","2.08238","0.50645","0.29371","42.00136","3.37813443070404e-09"
"90","predacious/piscivorous","larva / juvenile","Catalan Sea","2.08238","0.50645","0.29371","42.00136","3.37813443070404e-09"
"91","predacious/piscivorous","larva / juvenile","Western North Pacific","2.08238","0.50645","0.29371","42.00136","3.37813443070404e-09"
"92","predacious/piscivorous","larva / juvenile","Atlantic Ocean","2.08238","0.50645","0.29371","42.00136","3.37813443070404e-09"
"93","predacious/piscivorous","larva / juvenile","Off the Bay of Biscay","2.08238","0.50645","0.29371","42.00136","3.37813443070404e-09"
"94","predacious/piscivorous","larva / juvenile","Great South Bay, Long Island, New York","2.08238","0.50645","0.29371","42.00136","3.37813443070404e-09"
"95","predacious/piscivorous","larva / juvenile","Strait of Georgia","2.08238","0.50645","0.29371","42.00136","3.37813443070404e-09"
"96","predacious/piscivorous","larva / juvenile","Europe, Celtic Sea ecosystem","2.08238","0.50645","0.29371","42.00136","3.37813443070404e-09"
"97","predacious/piscivorous","larva / juvenile","Antarctic Peninsula","2.08238","0.50645","0.29371","42.00136","3.37813443070404e-09"
"98","predacious/piscivorous","larva / juvenile","Oxwich Bay, Wales","2.08238","0.50645","0.29371","42.00136","3.37813443070404e-09"
"99","predacious/piscivorous","larva / juvenile","Greenland","2.08238","0.50645","0.29371","42.00136","3.37813443070404e-09"
"100","predacious/piscivorous","larva / juvenile","Eastern Mediterranean","2.08238","0.50645","0.29371","42.00136","3.37813443070404e-09"
"101","predacious/piscivorous","postlarva/juvenile","Apalachicola Bay, Florida","2.08238","0.50645","0.29371","42.00136","3.37813443070404e-09"
"102","predacious/piscivorous","postlarva/juvenile","Crooked Island Sound, Florida","2.08238","0.50645","0.29371","42.00136","3.37813443070404e-09"
"103","predacious/piscivorous","postlarva/juvenile","Gulf of Alaska","2.08238","0.50645","0.29371","42.00136","3.37813443070404e-09"
"104","predacious/piscivorous","postlarva/juvenile","Jeffreys Ledge, Gulf of Maine, New England","2.08238","0.50645","0.29371","42.00136","3.37813443070404e-09"
"105","predacious/piscivorous","postlarva/juvenile","Stellwagen Bank, Gulf of Maine, New England","2.08238","0.50645","0.29371","42.00136","3.37813443070404e-09"
"106","predacious/piscivorous","postlarva/juvenile","Cape Cod Bay, Gulf of Maine, New England","2.08238","0.50645","0.29371","42.00136","3.37813443070404e-09"
"107","predacious/piscivorous","postlarva/juvenile","Great Channel South, Gulf of Maine, New England","2.08238","0.50645","0.29371","42.00136","3.37813443070404e-09"
"108","predacious/piscivorous","postlarva/juvenile","South of Marthas Vineyard, New England","2.08238","0.50645","0.29371","42.00136","3.37813443070404e-09"
"109","predacious/piscivorous","postlarva/juvenile","Gulf of Maine, New England","2.08238","0.50645","0.29371","42.00136","3.37813443070404e-09"
"110","predacious/piscivorous","postlarva/juvenile","Andaman Sea (West of South Thailand)","2.08238","0.50645","0.29371","42.00136","3.37813443070404e-09"
"111","predacious/piscivorous","postlarva/juvenile","Mid Atlantic","2.08238","0.50645","0.29371","42.00136","3.37813443070404e-09"
"112","predacious/piscivorous","postlarva/juvenile","NE North Sea and Skaggerak","2.08238","0.50645","0.29371","42.00136","3.37813443070404e-09"
"113","predacious/piscivorous","postlarva/juvenile","W Greenland","2.08238","0.50645","0.29371","42.00136","3.37813443070404e-09"
"114","predacious/piscivorous","postlarva/juvenile","French Polynesian EEZ","2.08238","0.50645","0.29371","42.00136","3.37813443070404e-09"
"115","predacious/piscivorous","postlarva/juvenile","Catalan Sea","2.08238","0.50645","0.29371","42.00136","3.37813443070404e-09"
"116","predacious/piscivorous","postlarva/juvenile","Western North Pacific","2.08238","0.50645","0.29371","42.00136","3.37813443070404e-09"
"117","predacious/piscivorous","postlarva/juvenile","Atlantic Ocean","2.08238","0.50645","0.29371","42.00136","3.37813443070404e-09"
"118","predacious/piscivorous","postlarva/juvenile","Off the Bay of Biscay","2.08238","0.50645","0.29371","42.00136","3.37813443070404e-09"
"119","predacious/piscivorous","postlarva/juvenile","Great South Bay, Long Island, New York","2.08238","0.50645","0.29371","42.00136","3.37813443070404e-09"
"120","predacious/piscivorous","postlarva/juvenile","Strait of Georgia","2.08238","0.50645","0.29371","42.00136","3.37813443070404e-09"
"121","predacious/piscivorous","postlarva/juvenile","Europe, Celtic Sea ecosystem","2.08238","0.50645","0.29371","42.00136","3.37813443070404e-09"
"122","predacious/piscivorous","postlarva/juvenile","Antarctic Peninsula","2.08238","0.50645","0.29371","42.00136","3.37813443070404e-09"
"123","predacious/piscivorous","postlarva/juvenile","Oxwich Bay, Wales","2.08238","0.50645","0.29371","42.00136","3.37813443070404e-09"
"124","predacious/piscivorous","postlarva/juvenile","Greenland","2.08238","0.50645","0.29371","42.00136","3.37813443070404e-09"
"125","predacious/piscivorous","postlarva/juvenile","Eastern Mediterranean","2.08238","0.50645","0.29371","42.00136","3.37813443070404e-09"
"126","predacious/piscivorous","postlarva","Apalachicola Bay, Florida","2.08238","0.50645","0.29371","42.00136","3.37813443070404e-09"
"127","predacious/piscivorous","postlarva","Crooked Island Sound, Florida","2.08238","0.50645","0.29371","42.00136","3.37813443070404e-09"
"128","predacious/piscivorous","postlarva","Gulf of Alaska","2.08238","0.50645","0.29371","42.00136","3.37813443070404e-09"
"129","predacious/piscivorous","postlarva","Jeffreys Ledge, Gulf of Maine, New England","2.08238","0.50645","0.29371","42.00136","3.37813443070404e-09"
"130","predacious/piscivorous","postlarva","Stellwagen Bank, Gulf of Maine, New England","2.08238","0.50645","0.29371","42.00136","3.37813443070404e-09"
"131","predacious/piscivorous","postlarva","Cape Cod Bay, Gulf of Maine, New England","2.08238","0.50645","0.29371","42.00136","3.37813443070404e-09"
"132","predacious/piscivorous","postlarva","Great Channel South, Gulf of Maine, New England","2.08238","0.50645","0.29371","42.00136","3.37813443070404e-09"
"133","predacious/piscivorous","postlarva","South of Marthas Vineyard, New England","2.08238","0.50645","0.29371","42.00136","3.37813443070404e-09"
"134","predacious/piscivorous","postlarva","Gulf of Maine, New England","2.08238","0.50645","0.29371","42.00136","3.37813443070404e-09"
"135","predacious/piscivorous","postlarva","Andaman Sea (West of South Thailand)","2.08238","0.50645","0.29371","42.00136","3.37813443070404e-09"
"136","predacious/piscivorous","postlarva","Mid Atlantic","2.08238","0.50645","0.29371","42.00136","3.37813443070404e-09"
"137","predacious/piscivorous","postlarva","NE North Sea and Skaggerak","2.08238","0.50645","0.29371","42.00136","3.37813443070404e-09"
"138","predacious/piscivorous","postlarva","W Greenland","2.08238","0.50645","0.29371","42.00136","3.37813443070404e-09"
"139","predacious/piscivorous","postlarva","French Polynesian EEZ","2.08238","0.50645","0.29371","42.00136","3.37813443070404e-09"
"140","predacious/piscivorous","postlarva","Catalan Sea","2.08238","0.50645","0.29371","42.00136","3.37813443070404e-09"
"141","predacious/piscivorous","postlarva","Western North Pacific","2.08238","0.50645","0.29371","42.00136","3.37813443070404e-09"
"142","predacious/piscivorous","postlarva","Atlantic Ocean","2.08238","0.50645","0.29371","42.00136","3.37813443070404e-09"
"143","predacious/piscivorous","postlarva","Off the Bay of Biscay","2.08238","0.50645","0.29371","42.00136","3.37813443070404e-09"
"144","predacious/piscivorous","postlarva","Great South Bay, Long Island, New York","2.08238","0.50645","0.29371","42.00136","3.37813443070404e-09"
"145","predacious/piscivorous","postlarva","Strait of Georgia","2.08238","0.50645","0.29371","42.00136","3.37813443070404e-09"
"146","predacious/piscivorous","postlarva","Europe, Celtic Sea ecosystem","2.08238","0.50645","0.29371","42.00136","3.37813443070404e-09"
"147","predacious/piscivorous","postlarva","Antarctic Peninsula","2.08238","0.50645","0.29371","42.00136","3.37813443070404e-09"
"148","predacious/piscivorous","postlarva","Oxwich Bay, Wales","2.08238","0.50645","0.29371","42.00136","3.37813443070404e-09"
"149","predacious/piscivorous","postlarva","Greenland","2.08238","0.50645","0.29371","42.00136","3.37813443070404e-09"
"150","predacious/piscivorous","postlarva","Eastern Mediterranean","2.08238","0.50645","0.29371","42.00136","3.37813443070404e-09"
"151","piscivorous","adult","Apalachicola Bay, Florida","3.02563","0.3156","0.13841","13.49398","0.000420131370657524"
"152","piscivorous","adult","Crooked Island Sound, Florida","3.02563","0.3156","0.13841","13.49398","0.000420131370657524"
"153","piscivorous","adult","Gulf of Alaska","3.02563","0.3156","0.13841","13.49398","0.000420131370657524"
"154","piscivorous","adult","Jeffreys Ledge, Gulf of Maine, New England","4.94207","0.10781","0.09552","40.86886","4.69052308103877e-10"
"155","piscivorous","adult","Stellwagen Bank, Gulf of Maine, New England","5.12135","0.10849","0.03854","20.20241","8.65041891346223e-06"
"156","piscivorous","adult","Cape Cod Bay, Gulf of Maine, New England","5.36953","-0.00076","1e-05","0.00074","0.978378371318798"
"157","piscivorous","adult","Great Channel South, Gulf of Maine, New England","4.67958","0.27565","0.23641","224.45883","2.09079088296485e-44"
"158","piscivorous","adult","South of Marthas Vineyard, New England","4.30209","0.4868","0.13629","2.20912","0.159367429953627"
"159","piscivorous","adult","Gulf of Maine, New England","5.27261","0.06378","0.0037","0.2933","0.589638854188319"
"160","piscivorous","adult","Andaman Sea (West of South Thailand)","5.27261","0.06378","0.0037","0.2933","0.589638854188319"
"161","piscivorous","adult","Mid Atlantic","1.80367","0.1023","0.04847","3.71868","0.0576960215780968"
"162","piscivorous","adult","NE North Sea and Skaggerak","1.80367","0.1023","0.04847","3.71868","0.0576960215780968"
"163","piscivorous","adult","W Greenland","1.80367","0.1023","0.04847","3.71868","0.0576960215780968"
"164","piscivorous","adult","French Polynesian EEZ","4.25925","-0.00344","0.00014","0.2576","0.611830912872536"
"165","piscivorous","adult","Catalan Sea","4.25925","-0.00344","0.00014","0.2576","0.611830912872536"
"166","piscivorous","adult","Western North Pacific","4.25925","-0.00344","0.00014","0.2576","0.611830912872536"
"167","piscivorous","adult","Atlantic Ocean","2.73206","0.26014","0.16765","2213.96606","0"
"168","piscivorous","adult","Off the Bay of Biscay","4.62236","0.19299","0.14263","59.22175","1.3997196710468e-13"
"169","piscivorous","adult","Great South Bay, Long Island, New York","1.32365","0.38198","0.26843","108.24266","8.43412441946392e-22"
"170","piscivorous","adult","Strait of Georgia","1.32365","0.38198","0.26843","108.24266","8.43412441946392e-22"
"171","piscivorous","adult","Europe, Celtic Sea ecosystem","2.25715","0.44632","0.36086","1179.43696","2.57239252512325e-205"
"172","piscivorous","adult","Antarctic Peninsula","2.25715","0.44632","0.36086","1179.43696","2.57239252512325e-205"
"173","piscivorous","adult","Oxwich Bay, Wales","2.25715","0.44632","0.36086","1179.43696","2.57239252512325e-205"
"174","piscivorous","adult","Greenland","2.25715","0.44632","0.36086","1179.43696","2.57239252512325e-205"
"175","piscivorous","adult","Eastern Mediterranean","1.23512","0.65201","0.62138","205.14281","3.90742334690301e-28"
"176","piscivorous","juvenile","Apalachicola Bay, Florida","3.30831","0.25543","0.06221","1.79118","0.191944478653283"
"177","piscivorous","juvenile","Crooked Island Sound, Florida","3.30831","0.25543","0.06221","1.79118","0.191944478653283"
"178","piscivorous","juvenile","Gulf of Alaska","3.30831","0.25543","0.06221","1.79118","0.191944478653283"
"179","piscivorous","juvenile","Jeffreys Ledge, Gulf of Maine, New England","3.30831","0.25543","0.06221","1.79118","0.191944478653283"
"180","piscivorous","juvenile","Stellwagen Bank, Gulf of Maine, New England","3.30831","0.25543","0.06221","1.79118","0.191944478653283"
"181","piscivorous","juvenile","Cape Cod Bay, Gulf of Maine, New England","3.30831","0.25543","0.06221","1.79118","0.191944478653283"
"182","piscivorous","juvenile","Great Channel South, Gulf of Maine, New England","3.30831","0.25543","0.06221","1.79118","0.191944478653283"
"183","piscivorous","juvenile","South of Marthas Vineyard, New England","3.30831","0.25543","0.06221","1.79118","0.191944478653283"
"184","piscivorous","juvenile","Gulf of Maine, New England","3.30831","0.25543","0.06221","1.79118","0.191944478653283"
"185","piscivorous","juvenile","Andaman Sea (West of South Thailand)","3.30831","0.25543","0.06221","1.79118","0.191944478653283"
"186","piscivorous","juvenile","Mid Atlantic","3.30831","0.25543","0.06221","1.79118","0.191944478653283"
"187","piscivorous","juvenile","NE North Sea and Skaggerak","3.30831","0.25543","0.06221","1.79118","0.191944478653283"
"188","piscivorous","juvenile","W Greenland","0.55524","0.70912","0.6204","31.05239","2.25023100017493e-05"
"189","piscivorous","juvenile","French Polynesian EEZ","0.55524","0.70912","0.6204","31.05239","2.25023100017493e-05"
"190","piscivorous","juvenile","Catalan Sea","0.55524","0.70912","0.6204","31.05239","2.25023100017493e-05"
"191","piscivorous","juvenile","Western North Pacific","0.55524","0.70912","0.6204","31.05239","2.25023100017493e-05"
"192","piscivorous","juvenile","Atlantic Ocean","0.55524","0.70912","0.6204","31.05239","2.25023100017493e-05"
"193","piscivorous","juvenile","Off the Bay of Biscay","3.74507","0","0.50052","2983.1714","6.558032824122e-06"
"194","piscivorous","juvenile","Great South Bay, Long Island, New York","3.74507","0","0.50052","2983.1714","6.558032824122e-06"
"195","piscivorous","juvenile","Strait of Georgia","3.74507","0","0.50052","2983.1714","6.558032824122e-06"
"196","piscivorous","juvenile","Europe, Celtic Sea ecosystem","3.74507","0","0.50052","2983.1714","6.558032824122e-06"
"197","piscivorous","juvenile","Antarctic Peninsula","3.74507","0","0.50052","2983.1714","6.558032824122e-06"
"198","piscivorous","juvenile","Oxwich Bay, Wales","3.74507","0","0.50052","2983.1714","6.558032824122e-06"
"199","piscivorous","juvenile","Greenland","3.74507","0","0.50052","2983.1714","6.558032824122e-06"
"200","piscivorous","juvenile","Eastern Mediterranean","3.74507","0","0.50052","2983.1714","6.558032824122e-06"
"201","piscivorous","larva","Apalachicola Bay, Florida","3.74507","0","0.50052","2983.1714","6.558032824122e-06"
"202","piscivorous","larva","Crooked Island Sound, Florida","3.74507","0","0.50052","2983.1714","6.558032824122e-06"
"203","piscivorous","larva","Gulf of Alaska","3.74507","0","0.50052","2983.1714","6.558032824122e-06"
"204","piscivorous","larva","Jeffreys Ledge, Gulf of Maine, New England","3.74507","0","0.50052","2983.1714","6.558032824122e-06"
"205","piscivorous","larva","Stellwagen Bank, Gulf of Maine, New England","3.74507","0","0.50052","2983.1714","6.558032824122e-06"
"206","piscivorous","larva","Cape Cod Bay, Gulf of Maine, New England","3.74507","0","0.50052","2983.1714","6.558032824122e-06"
"207","piscivorous","larva","Great Channel South, Gulf of Maine, New England","3.74507","0","0.50052","2983.1714","6.558032824122e-06"
"208","piscivorous","larva","South of Marthas Vineyard, New England","3.74507","0","0.50052","2983.1714","6.558032824122e-06"
"209","piscivorous","larva","Gulf of Maine, New England","3.74507","0","0.50052","2983.1714","6.558032824122e-06"
"210","piscivorous","larva","Andaman Sea (West of South Thailand)","3.74507","0","0.50052","2983.1714","6.558032824122e-06"
"211","piscivorous","larva","Mid Atlantic","3.74507","0","0.50052","2983.1714","6.558032824122e-06"
"212","piscivorous","larva","NE North Sea and Skaggerak","3.74507","0","0.50052","2983.1714","6.558032824122e-06"
"213","piscivorous","larva","W Greenland","3.74507","0","0.50052","2983.1714","6.558032824122e-06"
"214","piscivorous","larva","French Polynesian EEZ","3.74507","0","0.50052","2983.1714","6.558032824122e-06"
"215","piscivorous","larva","Catalan Sea","3.74507","0","0.50052","2983.1714","6.558032824122e-06"
"216","piscivorous","larva","Western North Pacific","3.74507","0","0.50052","2983.1714","6.558032824122e-06"
"217","piscivorous","larva","Atlantic Ocean","3.74507","0","0.50052","2983.1714","6.558032824122e-06"
"218","piscivorous","larva","Off the Bay of Biscay","3.74507","0","0.50052","2983.1714","6.558032824122e-06"
"219","piscivorous","larva","Great South Bay, Long Island, New York","3.74507","0","0.50052","2983.1714","6.558032824122e-06"
"220","piscivorous","larva","Strait of Georgia","3.74507","0","0.50052","2983.1714","6.558032824122e-06"
"221","piscivorous","larva","Europe, Celtic Sea ecosystem","3.74507","0","0.50052","2983.1714","6.558032824122e-06"
"222","piscivorous","larva","Antarctic Peninsula","3.74507","0","0.50052","2983.1714","6.558032824122e-06"
"223","piscivorous","larva","Oxwich Bay, Wales","3.74507","0","0.50052","2983.1714","6.558032824122e-06"
"224","piscivorous","larva","Greenland","3.74507","0","0.50052","2983.1714","6.558032824122e-06"
"225","piscivorous","larva","Eastern Mediterranean","3.74507","0","0.50052","2983.1714","6.558032824122e-06"
"226","piscivorous","larva / juvenile","Apalachicola Bay, Florida","3.74507","0","0.50052","2983.1714","6.558032824122e-06"
"227","piscivorous","larva / juvenile","Crooked Island Sound, Florida","3.74507","0","0.50052","2983.1714","6.558032824122e-06"
"228","piscivorous","larva / juvenile","Gulf of Alaska","3.74507","0","0.50052","2983.1714","6.558032824122e-06"
"229","piscivorous","larva / juvenile","Jeffreys Ledge, Gulf of Maine, New England","3.74507","0","0.50052","2983.1714","6.558032824122e-06"
"230","piscivorous","larva / juvenile","Stellwagen Bank, Gulf of Maine, New England","3.74507","0","0.50052","2983.1714","6.558032824122e-06"
"231","piscivorous","larva / juvenile","Cape Cod Bay, Gulf of Maine, New England","3.74507","0","0.50052","2983.1714","6.558032824122e-06"
"232","piscivorous","larva / juvenile","Great Channel South, Gulf of Maine, New England","3.74507","0","0.50052","2983.1714","6.558032824122e-06"
"233","piscivorous","larva / juvenile","South of Marthas Vineyard, New England","3.74507","0","0.50052","2983.1714","6.558032824122e-06"
"234","piscivorous","larva / juvenile","Gulf of Maine, New England","3.74507","0","0.50052","2983.1714","6.558032824122e-06"
"235","piscivorous","larva / juvenile","Andaman Sea (West of South Thailand)","3.74507","0","0.50052","2983.1714","6.558032824122e-06"
"236","piscivorous","larva / juvenile","Mid Atlantic","3.74507","0","0.50052","2983.1714","6.558032824122e-06"
"237","piscivorous","larva / juvenile","NE North Sea and Skaggerak","3.74507","0","0.50052","2983.1714","6.558032824122e-06"
"238","piscivorous","larva / juvenile","W Greenland","3.74507","0","0.50052","2983.1714","6.558032824122e-06"
"239","piscivorous","larva / juvenile","French Polynesian EEZ","3.74507","0","0.50052","2983.1714","6.558032824122e-06"
"240","piscivorous","larva / juvenile","Catalan Sea","3.74507","0","0.50052","2983.1714","6.558032824122e-06"
"241","piscivorous","larva / juvenile","Western North Pacific","3.74507","0","0.50052","2983.1714","6.558032824122e-06"
"242","piscivorous","larva / juvenile","Atlantic Ocean","3.74507","0","0.50052","2983.1714","6.558032824122e-06"
"243","piscivorous","larva / juvenile","Off the Bay of Biscay","3.74507","0","0.50052","2983.1714","6.558032824122e-06"
"244","piscivorous","larva / juvenile","Great South Bay, Long Island, New York","3.74507","0","0.50052","2983.1714","6.558032824122e-06"
"245","piscivorous","larva / juvenile","Strait of Georgia","2.15728","0.65263","0.50226","9.0818","0.0146301686798565"
"246","piscivorous","larva / juvenile","Europe, Celtic Sea ecosystem","2.15728","0.65263","0.50226","9.0818","0.0146301686798565"
"247","piscivorous","larva / juvenile","Antarctic Peninsula","2.15728","0.65263","0.50226","9.0818","0.0146301686798565"
"248","piscivorous","larva / juvenile","Oxwich Bay, Wales","2.15728","0.65263","0.50226","9.0818","0.0146301686798565"
"249","piscivorous","larva / juvenile","Greenland","2.15728","0.65263","0.50226","9.0818","0.0146301686798565"
"250","piscivorous","larva / juvenile","Eastern Mediterranean","2.15728","0.65263","0.50226","9.0818","0.0146301686798565"
"251","piscivorous","postlarva/juvenile","Apalachicola Bay, Florida","2.15728","0.65263","0.50226","9.0818","0.0146301686798565"
"252","piscivorous","postlarva/juvenile","Crooked Island Sound, Florida","2.15728","0.65263","0.50226","9.0818","0.0146301686798565"
"253","piscivorous","postlarva/juvenile","Gulf of Alaska","2.15728","0.65263","0.50226","9.0818","0.0146301686798565"
"254","piscivorous","postlarva/juvenile","Jeffreys Ledge, Gulf of Maine, New England","2.15728","0.65263","0.50226","9.0818","0.0146301686798565"
"255","piscivorous","postlarva/juvenile","Stellwagen Bank, Gulf of Maine, New England","2.15728","0.65263","0.50226","9.0818","0.0146301686798565"
"256","piscivorous","postlarva/juvenile","Cape Cod Bay, Gulf of Maine, New England","2.15728","0.65263","0.50226","9.0818","0.0146301686798565"
"257","piscivorous","postlarva/juvenile","Great Channel South, Gulf of Maine, New England","2.15728","0.65263","0.50226","9.0818","0.0146301686798565"
"258","piscivorous","postlarva/juvenile","South of Marthas Vineyard, New England","2.15728","0.65263","0.50226","9.0818","0.0146301686798565"
"259","piscivorous","postlarva/juvenile","Gulf of Maine, New England","2.15728","0.65263","0.50226","9.0818","0.0146301686798565"
"260","piscivorous","postlarva/juvenile","Andaman Sea (West of South Thailand)","2.15728","0.65263","0.50226","9.0818","0.0146301686798565"
"261","piscivorous","postlarva/juvenile","Mid Atlantic","2.15728","0.65263","0.50226","9.0818","0.0146301686798565"
"262","piscivorous","postlarva/juvenile","NE North Sea and Skaggerak","2.15728","0.65263","0.50226","9.0818","0.0146301686798565"
"263","piscivorous","postlarva/juvenile","W Greenland","2.15728","0.65263","0.50226","9.0818","0.0146301686798565"
"264","piscivorous","postlarva/juvenile","French Polynesian EEZ","2.15728","0.65263","0.50226","9.0818","0.0146301686798565"
"265","piscivorous","postlarva/juvenile","Catalan Sea","2.15728","0.65263","0.50226","9.0818","0.0146301686798565"
"266","piscivorous","postlarva/juvenile","Western North Pacific","2.15728","0.65263","0.50226","9.0818","0.0146301686798565"
"267","piscivorous","postlarva/juvenile","Atlantic Ocean","2.15728","0.65263","0.50226","9.0818","0.0146301686798565"
"268","piscivorous","postlarva/juvenile","Off the Bay of Biscay","2.15728","0.65263","0.50226","9.0818","0.0146301686798565"
"269","piscivorous","postlarva/juvenile","Great South Bay, Long Island, New York","2.15728","0.65263","0.50226","9.0818","0.0146301686798565"
"270","piscivorous","postlarva/juvenile","Strait of Georgia","2.15728","0.65263","0.50226","9.0818","0.0146301686798565"
"271","piscivorous","postlarva/juvenile","Europe, Celtic Sea ecosystem","2.15728","0.65263","0.50226","9.0818","0.0146301686798565"
"272","piscivorous","postlarva/juvenile","Antarctic Peninsula","2.15728","0.65263","0.50226","9.0818","0.0146301686798565"
"273","piscivorous","postlarva/juvenile","Oxwich Bay, Wales","2.15728","0.65263","0.50226","9.0818","0.0146301686798565"
"274","piscivorous","postlarva/juvenile","Greenland","2.15728","0.65263","0.50226","9.0818","0.0146301686798565"
"275","piscivorous","postlarva/juvenile","Eastern Mediterranean","2.15728","0.65263","0.50226","9.0818","0.0146301686798565"
"276","piscivorous","postlarva","Apalachicola Bay, Florida","2.15728","0.65263","0.50226","9.0818","0.0146301686798565"
"277","piscivorous","postlarva","Crooked Island Sound, Florida","2.15728","0.65263","0.50226","9.0818","0.0146301686798565"
"278","piscivorous","postlarva","Gulf of Alaska","2.15728","0.65263","0.50226","9.0818","0.0146301686798565"
"279","piscivorous","postlarva","Jeffreys Ledge, Gulf of Maine, New England","2.15728","0.65263","0.50226","9.0818","0.0146301686798565"
"280","piscivorous","postlarva","Stellwagen Bank, Gulf of Maine, New England","2.15728","0.65263","0.50226","9.0818","0.0146301686798565"
"281","piscivorous","postlarva","Cape Cod Bay, Gulf of Maine, New England","2.15728","0.65263","0.50226","9.0818","0.0146301686798565"
"282","piscivorous","postlarva","Great Channel South, Gulf of Maine, New England","2.15728","0.65263","0.50226","9.0818","0.0146301686798565"
"283","piscivorous","postlarva","South of Marthas Vineyard, New England","2.15728","0.65263","0.50226","9.0818","0.0146301686798565"
"284","piscivorous","postlarva","Gulf of Maine, New England","2.15728","0.65263","0.50226","9.0818","0.0146301686798565"
"285","piscivorous","postlarva","Andaman Sea (West of South Thailand)","2.15728","0.65263","0.50226","9.0818","0.0146301686798565"
"286","piscivorous","postlarva","Mid Atlantic","2.15728","0.65263","0.50226","9.0818","0.0146301686798565"
"287","piscivorous","postlarva","NE North Sea and Skaggerak","2.15728","0.65263","0.50226","9.0818","0.0146301686798565"
"288","piscivorous","postlarva","W Greenland","2.15728","0.65263","0.50226","9.0818","0.0146301686798565"
"289","piscivorous","postlarva","French Polynesian EEZ","2.15728","0.65263","0.50226","9.0818","0.0146301686798565"
"290","piscivorous","postlarva","Catalan Sea","2.15728","0.65263","0.50226","9.0818","0.0146301686798565"
"291","piscivorous","postlarva","Western North Pacific","2.15728","0.65263","0.50226","9.0818","0.0146301686798565"
"292","piscivorous","postlarva","Atlantic Ocean","2.15728","0.65263","0.50226","9.0818","0.0146301686798565"
"293","piscivorous","postlarva","Off the Bay of Biscay","2.15728","0.65263","0.50226","9.0818","0.0146301686798565"
"294","piscivorous","postlarva","Great South Bay, Long Island, New York","2.15728","0.65263","0.50226","9.0818","0.0146301686798565"
"295","piscivorous","postlarva","Strait of Georgia","2.15728","0.65263","0.50226","9.0818","0.0146301686798565"
"296","piscivorous","postlarva","Europe, Celtic Sea ecosystem","2.15728","0.65263","0.50226","9.0818","0.0146301686798565"
"297","piscivorous","postlarva","Antarctic Peninsula","-1.09766","0.10677","0.03897","1.25705","0.270820006991041"
"298","piscivorous","postlarva","Oxwich Bay, Wales","-1.09766","0.10677","0.03897","1.25705","0.270820006991041"
"299","piscivorous","postlarva","Greenland","-1.09766","0.10677","0.03897","1.25705","0.270820006991041"
"300","piscivorous","postlarva","Eastern Mediterranean","-1.09766","0.10677","0.03897","1.25705","0.270820006991041"
"301","planktivorous","adult","Apalachicola Bay, Florida","-1.09766","0.10677","0.03897","1.25705","0.270820006991041"
"302","planktivorous","adult","Crooked Island Sound, Florida","-1.09766","0.10677","0.03897","1.25705","0.270820006991041"
"303","planktivorous","adult","Gulf of Alaska","-1.09766","0.10677","0.03897","1.25705","0.270820006991041"
"304","planktivorous","adult","Jeffreys Ledge, Gulf of Maine, New England","-1.09766","0.10677","0.03897","1.25705","0.270820006991041"
"305","planktivorous","adult","Stellwagen Bank, Gulf of Maine, New England","-1.09766","0.10677","0.03897","1.25705","0.270820006991041"
"306","planktivorous","adult","Cape Cod Bay, Gulf of Maine, New England","-1.09766","0.10677","0.03897","1.25705","0.270820006991041"
"307","planktivorous","adult","Great Channel South, Gulf of Maine, New England","-1.09766","0.10677","0.03897","1.25705","0.270820006991041"
"308","planktivorous","adult","South of Marthas Vineyard, New England","-1.09766","0.10677","0.03897","1.25705","0.270820006991041"
"309","planktivorous","adult","Gulf of Maine, New England","-1.09766","0.10677","0.03897","1.25705","0.270820006991041"
"310","planktivorous","adult","Andaman Sea (West of South Thailand)","-1.09766","0.10677","0.03897","1.25705","0.270820006991041"
"311","planktivorous","adult","Mid Atlantic","-1.09766","0.10677","0.03897","1.25705","0.270820006991041"
"312","planktivorous","adult","NE North Sea and Skaggerak","-1.09766","0.10677","0.03897","1.25705","0.270820006991041"
"313","planktivorous","adult","W Greenland","-1.09766","0.10677","0.03897","1.25705","0.270820006991041"
"314","planktivorous","adult","French Polynesian EEZ","4.4483","0.06318","0.048","6.85727","0.0098294411650003"
"315","planktivorous","adult","Catalan Sea","4.4483","0.06318","0.048","6.85727","0.0098294411650003"
"316","planktivorous","adult","Western North Pacific","4.4483","0.06318","0.048","6.85727","0.0098294411650003"
"317","planktivorous","adult","Atlantic Ocean","4.4483","0.06318","0.048","6.85727","0.0098294411650003"
"318","planktivorous","adult","Off the Bay of Biscay","4.4483","0.06318","0.048","6.85727","0.0098294411650003"
"319","planktivorous","adult","Great South Bay, Long Island, New York","4.4483","0.06318","0.048","6.85727","0.0098294411650003"
"320","planktivorous","adult","Strait of Georgia","4.4483","0.06318","0.048","6.85727","0.0098294411650003"
"321","planktivorous","adult","Europe, Celtic Sea ecosystem","4.4483","0.06318","0.048","6.85727","0.0098294411650003"
"322","planktivorous","adult","Antarctic Peninsula","4.4483","0.06318","0.048","6.85727","0.0098294411650003"
"323","planktivorous","adult","Oxwich Bay, Wales","4.4483","0.06318","0.048","6.85727","0.0098294411650003"
"324","planktivorous","adult","Greenland","4.4483","0.06318","0.048","6.85727","0.0098294411650003"
"325","planktivorous","adult","Eastern Mediterranean","0.67658","-0.18853","0.00078","0.01401","0.907076397953718"
"326","planktivorous","juvenile","Apalachicola Bay, Florida","0.67658","-0.18853","0.00078","0.01401","0.907076397953718"
"327","planktivorous","juvenile","Crooked Island Sound, Florida","0.67658","-0.18853","0.00078","0.01401","0.907076397953718"
"328","planktivorous","juvenile","Gulf of Alaska","0.67658","-0.18853","0.00078","0.01401","0.907076397953718"
"329","planktivorous","juvenile","Jeffreys Ledge, Gulf of Maine, New England","0.67658","-0.18853","0.00078","0.01401","0.907076397953718"
"330","planktivorous","juvenile","Stellwagen Bank, Gulf of Maine, New England","0.67658","-0.18853","0.00078","0.01401","0.907076397953718"
"331","planktivorous","juvenile","Cape Cod Bay, Gulf of Maine, New England","0.67658","-0.18853","0.00078","0.01401","0.907076397953718"
"332","planktivorous","juvenile","Great Channel South, Gulf of Maine, New England","0.67658","-0.18853","0.00078","0.01401","0.907076397953718"
"333","planktivorous","juvenile","South of Marthas Vineyard, New England","0.67658","-0.18853","0.00078","0.01401","0.907076397953718"
"334","planktivorous","juvenile","Gulf of Maine, New England","0.67658","-0.18853","0.00078","0.01401","0.907076397953718"
"335","planktivorous","juvenile","Andaman Sea (West of South Thailand)","0.67658","-0.18853","0.00078","0.01401","0.907076397953718"
"336","planktivorous","juvenile","Mid Atlantic","0.67658","-0.18853","0.00078","0.01401","0.907076397953718"
"337","planktivorous","juvenile","NE North Sea and Skaggerak","0.67658","-0.18853","0.00078","0.01401","0.907076397953718"
"338","planktivorous","juvenile","W Greenland","0.67658","-0.18853","0.00078","0.01401","0.907076397953718"
"339","planktivorous","juvenile","French Polynesian EEZ","0.67658","-0.18853","0.00078","0.01401","0.907076397953718"
"340","planktivorous","juvenile","Catalan Sea","0.67658","-0.18853","0.00078","0.01401","0.907076397953718"
"341","planktivorous","juvenile","Western North Pacific","0.67658","-0.18853","0.00078","0.01401","0.907076397953718"
"342","planktivorous","juvenile","Atlantic Ocean","0.67658","-0.18853","0.00078","0.01401","0.907076397953718"
"343","planktivorous","juvenile","Off the Bay of Biscay","0.67658","-0.18853","0.00078","0.01401","0.907076397953718"
"344","planktivorous","juvenile","Great South Bay, Long Island, New York","0.67658","-0.18853","0.00078","0.01401","0.907076397953718"
"345","planktivorous","juvenile","Strait of Georgia","0.67658","-0.18853","0.00078","0.01401","0.907076397953718"
"346","planktivorous","juvenile","Europe, Celtic Sea ecosystem","0.67658","-0.18853","0.00078","0.01401","0.907076397953718"
"347","planktivorous","juvenile","Antarctic Peninsula","0.67658","-0.18853","0.00078","0.01401","0.907076397953718"
"348","planktivorous","juvenile","Oxwich Bay, Wales","0.67658","-0.18853","0.00078","0.01401","0.907076397953718"
"349","planktivorous","juvenile","Greenland","0.67658","-0.18853","0.00078","0.01401","0.907076397953718"
"350","planktivorous","juvenile","Eastern Mediterranean","0.67658","-0.18853","0.00078","0.01401","0.907076397953718"
"351","planktivorous","larva","Apalachicola Bay, Florida","0.67658","-0.18853","0.00078","0.01401","0.907076397953718"
"352","planktivorous","larva","Crooked Island Sound, Florida","0.67658","-0.18853","0.00078","0.01401","0.907076397953718"
"353","planktivorous","larva","Gulf of Alaska","0.67658","-0.18853","0.00078","0.01401","0.907076397953718"
"354","planktivorous","larva","Jeffreys Ledge, Gulf of Maine, New England","0.67658","-0.18853","0.00078","0.01401","0.907076397953718"
"355","planktivorous","larva","Stellwagen Bank, Gulf of Maine, New England","0.67658","-0.18853","0.00078","0.01401","0.907076397953718"
"356","planktivorous","larva","Cape Cod Bay, Gulf of Maine, New England","0.67658","-0.18853","0.00078","0.01401","0.907076397953718"
"357","planktivorous","larva","Great Channel South, Gulf of Maine, New England","0.67658","-0.18853","0.00078","0.01401","0.907076397953718"
"358","planktivorous","larva","South of Marthas Vineyard, New England","0.67658","-0.18853","0.00078","0.01401","0.907076397953718"
"359","planktivorous","larva","Gulf of Maine, New England","0.67658","-0.18853","0.00078","0.01401","0.907076397953718"
"360","planktivorous","larva","Andaman Sea (West of South Thailand)","0.67658","-0.18853","0.00078","0.01401","0.907076397953718"
"361","planktivorous","larva","Mid Atlantic","0.67658","-0.18853","0.00078","0.01401","0.907076397953718"
"362","planktivorous","larva","NE North Sea and Skaggerak","0.67658","-0.18853","0.00078","0.01401","0.907076397953718"
"363","planktivorous","larva","W Greenland","0.67658","-0.18853","0.00078","0.01401","0.907076397953718"
"364","planktivorous","larva","French Polynesian EEZ","0.67658","-0.18853","0.00078","0.01401","0.907076397953718"
"365","planktivorous","larva","Catalan Sea","-0.95296","0.25765","0.28007","170.00587","4.70821273070445e-33"
"366","planktivorous","larva","Western North Pacific","-1.49776","0.16101","0.08571","20.24772","1.11138645151155e-05"
"367","planktivorous","larva","Atlantic Ocean","-1.49776","0.16101","0.08571","20.24772","1.11138645151155e-05"
"368","planktivorous","larva","Off the Bay of Biscay","-1.49776","0.16101","0.08571","20.24772","1.11138645151155e-05"
"369","planktivorous","larva","Great South Bay, Long Island, New York","-1.49776","0.16101","0.08571","20.24772","1.11138645151155e-05"
"370","planktivorous","larva","Strait of Georgia","-1.49776","0.16101","0.08571","20.24772","1.11138645151155e-05"
"371","planktivorous","larva","Europe, Celtic Sea ecosystem","-1.49776","0.16101","0.08571","20.24772","1.11138645151155e-05"
"372","planktivorous","larva","Antarctic Peninsula","4.84668","1.02078","0.33004","156.16527","2.07689904818975e-29"
"373","planktivorous","larva","Oxwich Bay, Wales","4.84668","1.02078","0.33004","156.16527","2.07689904818975e-29"
"374","planktivorous","larva","Greenland","-1.66712","0.25881","0.09822","5.11917","0.0283256454055265"
"375","planktivorous","larva","Eastern Mediterranean","-1.66712","0.25881","0.09822","5.11917","0.0283256454055265"
"376","planktivorous","larva / juvenile","Apalachicola Bay, Florida","-1.66712","0.25881","0.09822","5.11917","0.0283256454055265"
"377","planktivorous","larva / juvenile","Crooked Island Sound, Florida","-1.66712","0.25881","0.09822","5.11917","0.0283256454055265"
"378","planktivorous","larva / juvenile","Gulf of Alaska","-1.66712","0.25881","0.09822","5.11917","0.0283256454055265"
"379","planktivorous","larva / juvenile","Jeffreys Ledge, Gulf of Maine, New England","-1.66712","0.25881","0.09822","5.11917","0.0283256454055265"
"380","planktivorous","larva / juvenile","Stellwagen Bank, Gulf of Maine, New England","-1.66712","0.25881","0.09822","5.11917","0.0283256454055265"
"381","planktivorous","larva / juvenile","Cape Cod Bay, Gulf of Maine, New England","-1.66712","0.25881","0.09822","5.11917","0.0283256454055265"
"382","planktivorous","larva / juvenile","Great Channel South, Gulf of Maine, New England","-1.66712","0.25881","0.09822","5.11917","0.0283256454055265"
"383","planktivorous","larva / juvenile","South of Marthas Vineyard, New England","-1.66712","0.25881","0.09822","5.11917","0.0283256454055265"
"384","planktivorous","larva / juvenile","Gulf of Maine, New England","-1.66712","0.25881","0.09822","5.11917","0.0283256454055265"
"385","planktivorous","larva / juvenile","Andaman Sea (West of South Thailand)","-1.66712","0.25881","0.09822","5.11917","0.0283256454055265"
"386","planktivorous","larva / juvenile","Mid Atlantic","-1.66712","0.25881","0.09822","5.11917","0.0283256454055265"
"387","planktivorous","larva / juvenile","NE North Sea and Skaggerak","-1.66712","0.25881","0.09822","5.11917","0.0283256454055265"
"388","planktivorous","larva / juvenile","W Greenland","-1.66712","0.25881","0.09822","5.11917","0.0283256454055265"
"389","planktivorous","larva / juvenile","French Polynesian EEZ","-1.66712","0.25881","0.09822","5.11917","0.0283256454055265"
"390","planktivorous","larva / juvenile","Catalan Sea","-1.66712","0.25881","0.09822","5.11917","0.0283256454055265"
"391","planktivorous","larva / juvenile","Western North Pacific","-1.66712","0.25881","0.09822","5.11917","0.0283256454055265"
"392","planktivorous","larva / juvenile","Atlantic Ocean","-1.66712","0.25881","0.09822","5.11917","0.0283256454055265"
"393","planktivorous","larva / juvenile","Off the Bay of Biscay","-1.66712","0.25881","0.09822","5.11917","0.0283256454055265"
"394","planktivorous","larva / juvenile","Great South Bay, Long Island, New York","-1.66712","0.25881","0.09822","5.11917","0.0283256454055265"
"395","planktivorous","larva / juvenile","Strait of Georgia","2.20758","0.53754","0.23831","36.91866","1.55071505486174e-08"
"396","planktivorous","larva / juvenile","Europe, Celtic Sea ecosystem","2.20758","0.53754","0.23831","36.91866","1.55071505486174e-08"
"397","planktivorous","larva / juvenile","Antarctic Peninsula","2.20758","0.53754","0.23831","36.91866","1.55071505486174e-08"
"398","planktivorous","larva / juvenile","Oxwich Bay, Wales","2.20758","0.53754","0.23831","36.91866","1.55071505486174e-08"
"399","planktivorous","larva / juvenile","Greenland","2.20758","0.53754","0.23831","36.91866","1.55071505486174e-08"
"400","planktivorous","larva / juvenile","Eastern Mediterranean","2.20758","0.53754","0.23831","36.91866","1.55071505486174e-08"
"401","planktivorous","postlarva/juvenile","Apalachicola Bay, Florida","2.20758","0.53754","0.23831","36.91866","1.55071505486174e-08"
"402","planktivorous","postlarva/juvenile","Crooked Island Sound, Florida","2.20758","0.53754","0.23831","36.91866","1.55071505486174e-08"
"403","planktivorous","postlarva/juvenile","Gulf of Alaska","2.20758","0.53754","0.23831","36.91866","1.55071505486174e-08"
"404","planktivorous","postlarva/juvenile","Jeffreys Ledge, Gulf of Maine, New England","2.20758","0.53754","0.23831","36.91866","1.55071505486174e-08"
"405","planktivorous","postlarva/juvenile","Stellwagen Bank, Gulf of Maine, New England","2.20758","0.53754","0.23831","36.91866","1.55071505486174e-08"
"406","planktivorous","postlarva/juvenile","Cape Cod Bay, Gulf of Maine, New England","2.20758","0.53754","0.23831","36.91866","1.55071505486174e-08"
"407","planktivorous","postlarva/juvenile","Great Channel South, Gulf of Maine, New England","2.20758","0.53754","0.23831","36.91866","1.55071505486174e-08"
"408","planktivorous","postlarva/juvenile","South of Marthas Vineyard, New England","2.20758","0.53754","0.23831","36.91866","1.55071505486174e-08"
"409","planktivorous","postlarva/juvenile","Gulf of Maine, New England","2.20758","0.53754","0.23831","36.91866","1.55071505486174e-08"
"410","planktivorous","postlarva/juvenile","Andaman Sea (West of South Thailand)","2.20758","0.53754","0.23831","36.91866","1.55071505486174e-08"
"411","planktivorous","postlarva/juvenile","Mid Atlantic","2.20758","0.53754","0.23831","36.91866","1.55071505486174e-08"
"412","planktivorous","postlarva/juvenile","NE North Sea and Skaggerak","2.20758","0.53754","0.23831","36.91866","1.55071505486174e-08"
"413","planktivorous","postlarva/juvenile","W Greenland","2.20758","0.53754","0.23831","36.91866","1.55071505486174e-08"
"414","planktivorous","postlarva/juvenile","French Polynesian EEZ","2.20758","0.53754","0.23831","36.91866","1.55071505486174e-08"
"415","planktivorous","postlarva/juvenile","Catalan Sea","2.20758","0.53754","0.23831","36.91866","1.55071505486174e-08"
"416","planktivorous","postlarva/juvenile","Western North Pacific","2.20758","0.53754","0.23831","36.91866","1.55071505486174e-08"
"417","planktivorous","postlarva/juvenile","Atlantic Ocean","2.20758","0.53754","0.23831","36.91866","1.55071505486174e-08"
"418","planktivorous","postlarva/juvenile","Off the Bay of Biscay","2.20758","0.53754","0.23831","36.91866","1.55071505486174e-08"
"419","planktivorous","postlarva/juvenile","Great South Bay, Long Island, New York","2.20758","0.53754","0.23831","36.91866","1.55071505486174e-08"
"420","planktivorous","postlarva/juvenile","Strait of Georgia","2.20758","0.53754","0.23831","36.91866","1.55071505486174e-08"
"421","planktivorous","postlarva/juvenile","Europe, Celtic Sea ecosystem","2.20758","0.53754","0.23831","36.91866","1.55071505486174e-08"
"422","planktivorous","postlarva/juvenile","Antarctic Peninsula","2.95889","0.67548","0.23124","78.80804","1.10590667174269e-16"
"423","planktivorous","postlarva/juvenile","Oxwich Bay, Wales","2.95889","0.67548","0.23124","78.80804","1.10590667174269e-16"
"424","planktivorous","postlarva/juvenile","Greenland","2.95889","0.67548","0.23124","78.80804","1.10590667174269e-16"
"425","planktivorous","postlarva/juvenile","Eastern Mediterranean","2.95889","0.67548","0.23124","78.80804","1.10590667174269e-16"
"426","planktivorous","postlarva","Apalachicola Bay, Florida","2.95889","0.67548","0.23124","78.80804","1.10590667174269e-16"
"427","planktivorous","postlarva","Crooked Island Sound, Florida","2.95889","0.67548","0.23124","78.80804","1.10590667174269e-16"
"428","planktivorous","postlarva","Gulf of Alaska","2.95889","0.67548","0.23124","78.80804","1.10590667174269e-16"
"429","planktivorous","postlarva","Jeffreys Ledge, Gulf of Maine, New England","2.95889","0.67548","0.23124","78.80804","1.10590667174269e-16"
"430","planktivorous","postlarva","Stellwagen Bank, Gulf of Maine, New England","2.95889","0.67548","0.23124","78.80804","1.10590667174269e-16"
"431","planktivorous","postlarva","Cape Cod Bay, Gulf of Maine, New England","2.95889","0.67548","0.23124","78.80804","1.10590667174269e-16"
"432","planktivorous","postlarva","Great Channel South, Gulf of Maine, New England","2.95889","0.67548","0.23124","78.80804","1.10590667174269e-16"
"433","planktivorous","postlarva","South of Marthas Vineyard, New England","2.95889","0.67548","0.23124","78.80804","1.10590667174269e-16"
"434","planktivorous","postlarva","Gulf of Maine, New England","2.95889","0.67548","0.23124","78.80804","1.10590667174269e-16"
"435","planktivorous","postlarva","Andaman Sea (West of South Thailand)","2.95889","0.67548","0.23124","78.80804","1.10590667174269e-16"
"436","planktivorous","postlarva","Mid Atlantic","2.95889","0.67548","0.23124","78.80804","1.10590667174269e-16"
"437","planktivorous","postlarva","NE North Sea and Skaggerak","2.95889","0.67548","0.23124","78.80804","1.10590667174269e-16"
"438","planktivorous","postlarva","W Greenland","2.95889","0.67548","0.23124","78.80804","1.10590667174269e-16"
"439","planktivorous","postlarva","French Polynesian EEZ","2.95889","0.67548","0.23124","78.80804","1.10590667174269e-16"
"440","planktivorous","postlarva","Catalan Sea","2.95889","0.67548","0.23124","78.80804","1.10590667174269e-16"
"441","planktivorous","postlarva","Western North Pacific","2.95889","0.67548","0.23124","78.80804","1.10590667174269e-16"
"442","planktivorous","postlarva","Atlantic Ocean","2.95889","0.67548","0.23124","78.80804","1.10590667174269e-16"
"443","planktivorous","postlarva","Off the Bay of Biscay","2.95889","0.67548","0.23124","78.80804","1.10590667174269e-16"
"444","planktivorous","postlarva","Great South Bay, Long Island, New York","2.95889","0.67548","0.23124","78.80804","1.10590667174269e-16"
"445","planktivorous","postlarva","Strait of Georgia","2.95889","0.67548","0.23124","78.80804","1.10590667174269e-16"
"446","planktivorous","postlarva","Europe, Celtic Sea ecosystem","2.95889","0.67548","0.23124","78.80804","1.10590667174269e-16"
"447","planktivorous","postlarva","Antarctic Peninsula","2.95889","0.67548","0.23124","78.80804","1.10590667174269e-16"
"448","planktivorous","postlarva","Oxwich Bay, Wales","2.95889","0.67548","0.23124","78.80804","1.10590667174269e-16"
"449","planktivorous","postlarva","Greenland","2.95889","0.67548","0.23124","78.80804","1.10590667174269e-16"
"450","planktivorous","postlarva","Eastern Mediterranean","2.95889","0.67548","0.23124","78.80804","1.10590667174269e-16"
"451","predacious","adult","Apalachicola Bay, Florida","2.95889","0.67548","0.23124","78.80804","1.10590667174269e-16"
"452","predacious","adult","Crooked Island Sound, Florida","2.95889","0.67548","0.23124","78.80804","1.10590667174269e-16"
"453","predacious","adult","Gulf of Alaska","2.95889","0.67548","0.23124","78.80804","1.10590667174269e-16"
"454","predacious","adult","Jeffreys Ledge, Gulf of Maine, New England","5.10539","-0.02831","0.00622","0.21897","0.642726920235092"
"455","predacious","adult","Stellwagen Bank, Gulf of Maine, New England","5.48173","0.18277","0.20619","1.29877","0.306072332500693"
"456","predacious","adult","Cape Cod Bay, Gulf of Maine, New England","5.50151","0.02948","0.03027","0.43694","0.519332318863789"
"457","predacious","adult","Great Channel South, Gulf of Maine, New England","5.44014","0.35725","0.19789","5.42766","0.0293962572369459"
"458","predacious","adult","South of Marthas Vineyard, New England","4.42147","0.05839","0.00265","0.0718","0.790774221951645"
"459","predacious","adult","Gulf of Maine, New England","5.22531","0","NaN","NaN","NaN"
"460","predacious","adult","Andaman Sea (West of South Thailand)","5.22531","0","NaN","NaN","NaN"
"461","predacious","adult","Mid Atlantic","1.63566","0.35821","0.65774","69.18387","6.6732870735388e-10"
"462","predacious","adult","NE North Sea and Skaggerak","1.63566","0.35821","0.65774","69.18387","6.6732870735388e-10"
"463","predacious","adult","W Greenland","1.63566","0.35821","0.65774","69.18387","6.6732870735388e-10"
"464","predacious","adult","French Polynesian EEZ","4.23735","-0.01382","0.00182","3.62354","0.0571115661405284"
"465","predacious","adult","Catalan Sea","4.23735","-0.01382","0.00182","3.62354","0.0571115661405284"
"466","predacious","adult","Western North Pacific","4.23735","-0.01382","0.00182","3.62354","0.0571115661405284"
"467","predacious","adult","Atlantic Ocean","2.99626","0.20589","0.16851","1031.15969","3.52233438038295e-206"
"468","predacious","adult","Off the Bay of Biscay","4.52523","0.20351","0.08735","45.07687","5.46572575916828e-11"
"469","predacious","adult","Great South Bay, Long Island, New York","4.52523","0.20351","0.08735","45.07687","5.46572575916828e-11"
"470","predacious","adult","Strait of Georgia","4.52523","0.20351","0.08735","45.07687","5.46572575916828e-11"
"471","predacious","adult","Europe, Celtic Sea ecosystem","4.52523","0.20351","0.08735","45.07687","5.46572575916828e-11"
"472","predacious","adult","Antarctic Peninsula","4.52523","0.20351","0.08735","45.07687","5.46572575916828e-11"
"473","predacious","adult","Oxwich Bay, Wales","4.52523","0.20351","0.08735","45.07687","5.46572575916828e-11"
"474","predacious","adult","Greenland","4.52523","0.20351","0.08735","45.07687","5.46572575916828e-11"
"475","predacious","adult","Eastern Mediterranean","0.77072","0.17112","0.02323","5.18487","0.0237546050509442"
"476","predacious","juvenile","Apalachicola Bay, Florida","0.77072","0.17112","0.02323","5.18487","0.0237546050509442"
"477","predacious","juvenile","Crooked Island Sound, Florida","0.77072","0.17112","0.02323","5.18487","0.0237546050509442"
"478","predacious","juvenile","Gulf of Alaska","0.41337","0.03976","0.24062","12.99169","0.000839430679453026"
"479","predacious","juvenile","Jeffreys Ledge, Gulf of Maine, New England","0.41337","0.03976","0.24062","12.99169","0.000839430679453026"
"480","predacious","juvenile","Stellwagen Bank, Gulf of Maine, New England","0.41337","0.03976","0.24062","12.99169","0.000839430679453026"
"481","predacious","juvenile","Cape Cod Bay, Gulf of Maine, New England","0.41337","0.03976","0.24062","12.99169","0.000839430679453026"
"482","predacious","juvenile","Great Channel South, Gulf of Maine, New England","0.41337","0.03976","0.24062","12.99169","0.000839430679453026"
"483","predacious","juvenile","South of Marthas Vineyard, New England","0.41337","0.03976","0.24062","12.99169","0.000839430679453026"
"484","predacious","juvenile","Gulf of Maine, New England","0.41337","0.03976","0.24062","12.99169","0.000839430679453026"
"485","predacious","juvenile","Andaman Sea (West of South Thailand)","0.41337","0.03976","0.24062","12.99169","0.000839430679453026"
"486","predacious","juvenile","Mid Atlantic","0.41337","0.03976","0.24062","12.99169","0.000839430679453026"
"487","predacious","juvenile","NE North Sea and Skaggerak","0.41337","0.03976","0.24062","12.99169","0.000839430679453026"
"488","predacious","juvenile","W Greenland","-0.78149","0.04324","0.14837","24.38996","2.20823681054522e-06"
"489","predacious","juvenile","French Polynesian EEZ","-0.78149","0.04324","0.14837","24.38996","2.20823681054522e-06"
"490","predacious","juvenile","Catalan Sea","-0.78149","0.04324","0.14837","24.38996","2.20823681054522e-06"
"491","predacious","juvenile","Western North Pacific","-0.78149","0.04324","0.14837","24.38996","2.20823681054522e-06"
"492","predacious","juvenile","Atlantic Ocean","-0.78149","0.04324","0.14837","24.38996","2.20823681054522e-06"
"493","predacious","juvenile","Off the Bay of Biscay","3.74507","0","0.49522","588.6441","0.316091654467303"
"494","predacious","juvenile","Great South Bay, Long Island, New York","3.74507","0","0.49522","588.6441","0.316091654467303"
"495","predacious","juvenile","Strait of Georgia","3.74507","0","0.49522","588.6441","0.316091654467303"
"496","predacious","juvenile","Europe, Celtic Sea ecosystem","3.74507","0","0.49522","588.6441","0.316091654467303"
"497","predacious","juvenile","Antarctic Peninsula","3.74507","0","0.49522","588.6441","0.316091654467303"
"498","predacious","juvenile","Oxwich Bay, Wales","-0.25824","0.07781","0.08055","115.02137","8.7794789350829e-26"
"499","predacious","juvenile","Greenland","-0.25824","0.07781","0.08055","115.02137","8.7794789350829e-26"
"500","predacious","juvenile","Eastern Mediterranean","-0.25824","0.07781","0.08055","115.02137","8.7794789350829e-26"
"501","predacious","larva","Apalachicola Bay, Florida","-0.25824","0.07781","0.08055","115.02137","8.7794789350829e-26"
"502","predacious","larva","Crooked Island Sound, Florida","-0.25824","0.07781","0.08055","115.02137","8.7794789350829e-26"
"503","predacious","larva","Gulf of Alaska","-0.25824","0.07781","0.08055","115.02137","8.7794789350829e-26"
"504","predacious","larva","Jeffreys Ledge, Gulf of Maine, New England","-0.25824","0.07781","0.08055","115.02137","8.7794789350829e-26"
"505","predacious","larva","Stellwagen Bank, Gulf of Maine, New England","-0.25824","0.07781","0.08055","115.02137","8.7794789350829e-26"
"506","predacious","larva","Cape Cod Bay, Gulf of Maine, New England","-0.25824","0.07781","0.08055","115.02137","8.7794789350829e-26"
"507","predacious","larva","Great Channel South, Gulf of Maine, New England","-0.25824","0.07781","0.08055","115.02137","8.7794789350829e-26"
"508","predacious","larva","South of Marthas Vineyard, New England","-0.25824","0.07781","0.08055","115.02137","8.7794789350829e-26"
"509","predacious","larva","Gulf of Maine, New England","-0.25824","0.07781","0.08055","115.02137","8.7794789350829e-26"
"510","predacious","larva","Andaman Sea (West of South Thailand)","3.04236","0.94142","0.41242","22.46073","4.23336436449336e-05"
"511","predacious","larva","Mid Atlantic","3.04236","0.94142","0.41242","22.46073","4.23336436449336e-05"
"512","predacious","larva","NE North Sea and Skaggerak","3.04236","0.94142","0.41242","22.46073","4.23336436449336e-05"
"513","predacious","larva","W Greenland","3.04236","0.94142","0.41242","22.46073","4.23336436449336e-05"
"514","predacious","larva","French Polynesian EEZ","3.04236","0.94142","0.41242","22.46073","4.23336436449336e-05"
"515","predacious","larva","Catalan Sea","3.04236","0.94142","0.41242","22.46073","4.23336436449336e-05"
"516","predacious","larva","Western North Pacific","-1.15647","0.15049","0.14619","38.86771","2.18738751251513e-09"
"517","predacious","larva","Atlantic Ocean","-1.15647","0.15049","0.14619","38.86771","2.18738751251513e-09"
"518","predacious","larva","Off the Bay of Biscay","-1.15647","0.15049","0.14619","38.86771","2.18738751251513e-09"
"519","predacious","larva","Great South Bay, Long Island, New York","-1.15647","0.15049","0.14619","38.86771","2.18738751251513e-09"
"520","predacious","larva","Strait of Georgia","-1.15647","0.15049","0.14619","38.86771","2.18738751251513e-09"
"521","predacious","larva","Europe, Celtic Sea ecosystem","-1.15647","0.15049","0.14619","38.86771","2.18738751251513e-09"
"522","predacious","larva","Antarctic Peninsula","3.22196","0.7248","0.63707","1662.29636","1.22794430266788e-210"
"523","predacious","larva","Oxwich Bay, Wales","3.22196","0.7248","0.63707","1662.29636","1.22794430266788e-210"
"524","predacious","larva","Greenland","3.22196","0.7248","0.63707","1662.29636","1.22794430266788e-210"
"525","predacious","larva","Eastern Mediterranean","3.22196","0.7248","0.63707","1662.29636","1.22794430266788e-210"
"526","predacious","larva / juvenile","Apalachicola Bay, Florida","3.22196","0.7248","0.63707","1662.29636","1.22794430266788e-210"
"527","predacious","larva / juvenile","Crooked Island Sound, Florida","3.22196","0.7248","0.63707","1662.29636","1.22794430266788e-210"
"528","predacious","larva / juvenile","Gulf of Alaska","3.22196","0.7248","0.63707","1662.29636","1.22794430266788e-210"
"529","predacious","larva / juvenile","Jeffreys Ledge, Gulf of Maine, New England","3.22196","0.7248","0.63707","1662.29636","1.22794430266788e-210"
"530","predacious","larva / juvenile","Stellwagen Bank, Gulf of Maine, New England","3.22196","0.7248","0.63707","1662.29636","1.22794430266788e-210"
"531","predacious","larva / juvenile","Cape Cod Bay, Gulf of Maine, New England","3.22196","0.7248","0.63707","1662.29636","1.22794430266788e-210"
"532","predacious","larva / juvenile","Great Channel South, Gulf of Maine, New England","3.22196","0.7248","0.63707","1662.29636","1.22794430266788e-210"
"533","predacious","larva / juvenile","South of Marthas Vineyard, New England","3.22196","0.7248","0.63707","1662.29636","1.22794430266788e-210"
"534","predacious","larva / juvenile","Gulf of Maine, New England","3.22196","0.7248","0.63707","1662.29636","1.22794430266788e-210"
"535","predacious","larva / juvenile","Andaman Sea (West of South Thailand)","3.22196","0.7248","0.63707","1662.29636","1.22794430266788e-210"
"536","predacious","larva / juvenile","Mid Atlantic","3.22196","0.7248","0.63707","1662.29636","1.22794430266788e-210"
"537","predacious","larva / juvenile","NE North Sea and Skaggerak","4.52185","1.0989","0.71542","47.76543","1.36957984453217e-06"
"538","predacious","larva / juvenile","W Greenland","4.52185","1.0989","0.71542","47.76543","1.36957984453217e-06"
"539","predacious","larva / juvenile","French Polynesian EEZ","4.52185","1.0989","0.71542","47.76543","1.36957984453217e-06"
"540","predacious","larva / juvenile","Catalan Sea","4.52185","1.0989","0.71542","47.76543","1.36957984453217e-06"
"541","predacious","larva / juvenile","Western North Pacific","4.52185","1.0989","0.71542","47.76543","1.36957984453217e-06"
"542","predacious","larva / juvenile","Atlantic Ocean","4.52185","1.0989","0.71542","47.76543","1.36957984453217e-06"
"543","predacious","larva / juvenile","Off the Bay of Biscay","4.52185","1.0989","0.71542","47.76543","1.36957984453217e-06"
"544","predacious","larva / juvenile","Great South Bay, Long Island, New York","4.52185","1.0989","0.71542","47.76543","1.36957984453217e-06"
"545","predacious","larva / juvenile","Strait of Georgia","1.55823","0.51027","0.42218","339.02315","3.08809542053825e-57"
"546","predacious","larva / juvenile","Europe, Celtic Sea ecosystem","1.55823","0.51027","0.42218","339.02315","3.08809542053825e-57"
"547","predacious","larva / juvenile","Antarctic Peninsula","1.55823","0.51027","0.42218","339.02315","3.08809542053825e-57"
"548","predacious","larva / juvenile","Oxwich Bay, Wales","1.55823","0.51027","0.42218","339.02315","3.08809542053825e-57"
"549","predacious","larva / juvenile","Greenland","1.55823","0.51027","0.42218","339.02315","3.08809542053825e-57"
"550","predacious","larva / juvenile","Eastern Mediterranean","1.55823","0.51027","0.42218","339.02315","3.08809542053825e-57"
"551","predacious","postlarva/juvenile","Apalachicola Bay, Florida","1.55823","0.51027","0.42218","339.02315","3.08809542053825e-57"
"552","predacious","postlarva/juvenile","Crooked Island Sound, Florida","1.55823","0.51027","0.42218","339.02315","3.08809542053825e-57"
"553","predacious","postlarva/juvenile","Gulf of Alaska","1.55823","0.51027","0.42218","339.02315","3.08809542053825e-57"
"554","predacious","postlarva/juvenile","Jeffreys Ledge, Gulf of Maine, New England","1.55823","0.51027","0.42218","339.02315","3.08809542053825e-57"
"555","predacious","postlarva/juvenile","Stellwagen Bank, Gulf of Maine, New England","1.55823","0.51027","0.42218","339.02315","3.08809542053825e-57"
"556","predacious","postlarva/juvenile","Cape Cod Bay, Gulf of Maine, New England","1.55823","0.51027","0.42218","339.02315","3.08809542053825e-57"
"557","predacious","postlarva/juvenile","Great Channel South, Gulf of Maine, New England","1.55823","0.51027","0.42218","339.02315","3.08809542053825e-57"
"558","predacious","postlarva/juvenile","South of Marthas Vineyard, New England","1.55823","0.51027","0.42218","339.02315","3.08809542053825e-57"
"559","predacious","postlarva/juvenile","Gulf of Maine, New England","1.55823","0.51027","0.42218","339.02315","3.08809542053825e-57"
"560","predacious","postlarva/juvenile","Andaman Sea (West of South Thailand)","1.55823","0.51027","0.42218","339.02315","3.08809542053825e-57"
"561","predacious","postlarva/juvenile","Mid Atlantic","1.55823","0.51027","0.42218","339.02315","3.08809542053825e-57"
"562","predacious","postlarva/juvenile","NE North Sea and Skaggerak","1.55823","0.51027","0.42218","339.02315","3.08809542053825e-57"
"563","predacious","postlarva/juvenile","W Greenland","1.55823","0.51027","0.42218","339.02315","3.08809542053825e-57"
"564","predacious","postlarva/juvenile","French Polynesian EEZ","1.55823","0.51027","0.42218","339.02315","3.08809542053825e-57"
"565","predacious","postlarva/juvenile","Catalan Sea","1.55823","0.51027","0.42218","339.02315","3.08809542053825e-57"
"566","predacious","postlarva/juvenile","Western North Pacific","1.55823","0.51027","0.42218","339.02315","3.08809542053825e-57"
"567","predacious","postlarva/juvenile","Atlantic Ocean","1.55823","0.51027","0.42218","339.02315","3.08809542053825e-57"
"568","predacious","postlarva/juvenile","Off the Bay of Biscay","1.55823","0.51027","0.42218","339.02315","3.08809542053825e-57"
"569","predacious","postlarva/juvenile","Great South Bay, Long Island, New York","1.55823","0.51027","0.42218","339.02315","3.08809542053825e-57"
"570","predacious","postlarva/juvenile","Strait of Georgia","1.55823","0.51027","0.42218","339.02315","3.08809542053825e-57"
"571","predacious","postlarva/juvenile","Europe, Celtic Sea ecosystem","1.55823","0.51027","0.42218","339.02315","3.08809542053825e-57"
"572","predacious","postlarva/juvenile","Antarctic Peninsula","0.72403","0.21165","0.14417","99.05139","1.13623625842997e-21"
"573","predacious","postlarva/juvenile","Oxwich Bay, Wales","0.72403","0.21165","0.14417","99.05139","1.13623625842997e-21"
"574","predacious","postlarva/juvenile","Greenland","0.72403","0.21165","0.14417","99.05139","1.13623625842997e-21"
"575","predacious","postlarva/juvenile","Eastern Mediterranean","0.72403","0.21165","0.14417","99.05139","1.13623625842997e-21"
"576","predacious","postlarva","Apalachicola Bay, Florida","0.72403","0.21165","0.14417","99.05139","1.13623625842997e-21"
"577","predacious","postlarva","Crooked Island Sound, Florida","0.72403","0.21165","0.14417","99.05139","1.13623625842997e-21"
"578","predacious","postlarva","Gulf of Alaska","0.72403","0.21165","0.14417","99.05139","1.13623625842997e-21"
"579","predacious","postlarva","Jeffreys Ledge, Gulf of Maine, New England","0.72403","0.21165","0.14417","99.05139","1.13623625842997e-21"
"580","predacious","postlarva","Stellwagen Bank, Gulf of Maine, New England","0.72403","0.21165","0.14417","99.05139","1.13623625842997e-21"
"581","predacious","postlarva","Cape Cod Bay, Gulf of Maine, New England","0.72403","0.21165","0.14417","99.05139","1.13623625842997e-21"
"582","predacious","postlarva","Great Channel South, Gulf of Maine, New England","0.72403","0.21165","0.14417","99.05139","1.13623625842997e-21"
"583","predacious","postlarva","South of Marthas Vineyard, New England","0.72403","0.21165","0.14417","99.05139","1.13623625842997e-21"
"584","predacious","postlarva","Gulf of Maine, New England","0.72403","0.21165","0.14417","99.05139","1.13623625842997e-21"
"585","predacious","postlarva","Andaman Sea (West of South Thailand)","0.72403","0.21165","0.14417","99.05139","1.13623625842997e-21"
"586","predacious","postlarva","Mid Atlantic","0.72403","0.21165","0.14417","99.05139","1.13623625842997e-21"
"587","predacious","postlarva","NE North Sea and Skaggerak","0.72403","0.21165","0.14417","99.05139","1.13623625842997e-21"
"588","predacious","postlarva","W Greenland","0.72403","0.21165","0.14417","99.05139","1.13623625842997e-21"
"589","predacious","postlarva","French Polynesian EEZ","0.72403","0.21165","0.14417","99.05139","1.13623625842997e-21"
"590","predacious","postlarva","Catalan Sea","0.72403","0.21165","0.14417","99.05139","1.13623625842997e-21"
"591","predacious","postlarva","Western North Pacific","0.72403","0.21165","0.14417","99.05139","1.13623625842997e-21"
"592","predacious","postlarva","Atlantic Ocean","0.72403","0.21165","0.14417","99.05139","1.13623625842997e-21"
"593","predacious","postlarva","Off the Bay of Biscay","0.72403","0.21165","0.14417","99.05139","1.13623625842997e-21"
"594","predacious","postlarva","Great South Bay, Long Island, New York","0.72403","0.21165","0.14417","99.05139","1.13623625842997e-21"
"595","predacious","postlarva","Strait of Georgia","0.72403","0.21165","0.14417","99.05139","1.13623625842997e-21"
"596","predacious","postlarva","Europe, Celtic Sea ecosystem","0.72403","0.21165","0.14417","99.05139","1.13623625842997e-21"
"597","predacious","postlarva","Antarctic Peninsula","-0.70084","0.15404","0.10921","8.58171","0.00458060708606845"
"598","predacious","postlarva","Oxwich Bay, Wales","-0.70084","0.15404","0.10921","8.58171","0.00458060708606845"
"599","predacious","postlarva","Greenland","-0.70084","0.15404","0.10921","8.58171","0.00458060708606845"
"600","predacious","postlarva","Eastern Mediterranean","-0.70084","0.15404","0.10921","8.58171","0.00458060708606845"
"601","insectivorous","adult","Apalachicola Bay, Florida","-0.70084","0.15404","0.10921","8.58171","0.00458060708606845"
"602","insectivorous","adult","Crooked Island Sound, Florida","-0.70084","0.15404","0.10921","8.58171","0.00458060708606845"
"603","insectivorous","adult","Gulf of Alaska","-0.70084","0.15404","0.10921","8.58171","0.00458060708606845"
"604","insectivorous","adult","Jeffreys Ledge, Gulf of Maine, New England","-0.70084","0.15404","0.10921","8.58171","0.00458060708606845"
"605","insectivorous","adult","Stellwagen Bank, Gulf of Maine, New England","-0.70084","0.15404","0.10921","8.58171","0.00458060708606845"
"606","insectivorous","adult","Cape Cod Bay, Gulf of Maine, New England","-0.70084","0.15404","0.10921","8.58171","0.00458060708606845"
"607","insectivorous","adult","Great Channel South, Gulf of Maine, New England","-0.70084","0.15404","0.10921","8.58171","0.00458060708606845"
"608","insectivorous","adult","South of Marthas Vineyard, New England","-0.70084","0.15404","0.10921","8.58171","0.00458060708606845"
"609","insectivorous","adult","Gulf of Maine, New England","-0.70084","0.15404","0.10921","8.58171","0.00458060708606845"
"610","insectivorous","adult","Andaman Sea (West of South Thailand)","-0.70084","0.15404","0.10921","8.58171","0.00458060708606845"
"611","insectivorous","adult","Mid Atlantic","-0.70084","0.15404","0.10921","8.58171","0.00458060708606845"
"612","insectivorous","adult","NE North Sea and Skaggerak","-0.70084","0.15404","0.10921","8.58171","0.00458060708606845"
"613","insectivorous","adult","W Greenland","-0.70084","0.15404","0.10921","8.58171","0.00458060708606845"
"614","insectivorous","adult","French Polynesian EEZ","-0.70084","0.15404","0.10921","8.58171","0.00458060708606845"
"615","insectivorous","adult","Catalan Sea","-0.70084","0.15404","0.10921","8.58171","0.00458060708606845"
"616","insectivorous","adult","Western North Pacific","-0.70084","0.15404","0.10921","8.58171","0.00458060708606845"
"617","insectivorous","adult","Atlantic Ocean","-0.70084","0.15404","0.10921","8.58171","0.00458060708606845"
"618","insectivorous","adult","Off the Bay of Biscay","-0.70084","0.15404","0.10921","8.58171","0.00458060708606845"
"619","insectivorous","adult","Great South Bay, Long Island, New York","-0.70084","0.15404","0.10921","8.58171","0.00458060708606845"
"620","insectivorous","adult","Strait of Georgia","-0.70084","0.15404","0.10921","8.58171","0.00458060708606845"
"621","insectivorous","adult","Europe, Celtic Sea ecosystem","-0.70084","0.15404","0.10921","8.58171","0.00458060708606845"
"622","insectivorous","adult","Antarctic Peninsula","-0.70084","0.15404","0.10921","8.58171","0.00458060708606845"
"623","insectivorous","adult","Oxwich Bay, Wales","-0.70084","0.15404","0.10921","8.58171","0.00458060708606845"
"624","insectivorous","adult","Greenland","-0.70084","0.15404","0.10921","8.58171","0.00458060708606845"
"625","insectivorous","adult","Eastern Mediterranean","-0.70084","0.15404","0.10921","8.58171","0.00458060708606845"
"626","insectivorous","juvenile","Apalachicola Bay, Florida","-0.70084","0.15404","0.10921","8.58171","0.00458060708606845"
"627","insectivorous","juvenile","Crooked Island Sound, Florida","-0.70084","0.15404","0.10921","8.58171","0.00458060708606845"
"628","insectivorous","juvenile","Gulf of Alaska","-0.70084","0.15404","0.10921","8.58171","0.00458060708606845"
"629","insectivorous","juvenile","Jeffreys Ledge, Gulf of Maine, New England","-0.70084","0.15404","0.10921","8.58171","0.00458060708606845"
"630","insectivorous","juvenile","Stellwagen Bank, Gulf of Maine, New England","-0.70084","0.15404","0.10921","8.58171","0.00458060708606845"
"631","insectivorous","juvenile","Cape Cod Bay, Gulf of Maine, New England","-0.70084","0.15404","0.10921","8.58171","0.00458060708606845"
"632","insectivorous","juvenile","Great Channel South, Gulf of Maine, New England","-0.70084","0.15404","0.10921","8.58171","0.00458060708606845"
"633","insectivorous","juvenile","South of Marthas Vineyard, New England","-0.70084","0.15404","0.10921","8.58171","0.00458060708606845"
"634","insectivorous","juvenile","Gulf of Maine, New England","-0.70084","0.15404","0.10921","8.58171","0.00458060708606845"
"635","insectivorous","juvenile","Andaman Sea (West of South Thailand)","-0.70084","0.15404","0.10921","8.58171","0.00458060708606845"
"636","insectivorous","juvenile","Mid Atlantic","-0.70084","0.15404","0.10921","8.58171","0.00458060708606845"
"637","insectivorous","juvenile","NE North Sea and Skaggerak","-0.70084","0.15404","0.10921","8.58171","0.00458060708606845"
"638","insectivorous","juvenile","W Greenland","-0.70084","0.15404","0.10921","8.58171","0.00458060708606845"
"639","insectivorous","juvenile","French Polynesian EEZ","-0.70084","0.15404","0.10921","8.58171","0.00458060708606845"
"640","insectivorous","juvenile","Catalan Sea","-0.70084","0.15404","0.10921","8.58171","0.00458060708606845"
"641","insectivorous","juvenile","Western North Pacific","-0.70084","0.15404","0.10921","8.58171","0.00458060708606845"
"642","insectivorous","juvenile","Atlantic Ocean","-0.70084","0.15404","0.10921","8.58171","0.00458060708606845"
"643","insectivorous","juvenile","Off the Bay of Biscay","-0.70084","0.15404","0.10921","8.58171","0.00458060708606845"
"644","insectivorous","juvenile","Great South Bay, Long Island, New York","-0.70084","0.15404","0.10921","8.58171","0.00458060708606845"
"645","insectivorous","juvenile","Strait of Georgia","-0.70084","0.15404","0.10921","8.58171","0.00458060708606845"
"646","insectivorous","juvenile","Europe, Celtic Sea ecosystem","-0.70084","0.15404","0.10921","8.58171","0.00458060708606845"
"647","insectivorous","juvenile","Antarctic Peninsula","-0.70084","0.15404","0.10921","8.58171","0.00458060708606845"
"648","insectivorous","juvenile","Oxwich Bay, Wales","-0.70084","0.15404","0.10921","8.58171","0.00458060708606845"
"649","insectivorous","juvenile","Greenland","-0.70084","0.15404","0.10921","8.58171","0.00458060708606845"
"650","insectivorous","juvenile","Eastern Mediterranean","-0.70084","0.15404","0.10921","8.58171","0.00458060708606845"
"651","insectivorous","larva","Apalachicola Bay, Florida","-0.70084","0.15404","0.10921","8.58171","0.00458060708606845"
"652","insectivorous","larva","Crooked Island Sound, Florida","-0.70084","0.15404","0.10921","8.58171","0.00458060708606845"
"653","insectivorous","larva","Gulf of Alaska","-0.70084","0.15404","0.10921","8.58171","0.00458060708606845"
"654","insectivorous","larva","Jeffreys Ledge, Gulf of Maine, New England","-0.70084","0.15404","0.10921","8.58171","0.00458060708606845"
"655","insectivorous","larva","Stellwagen Bank, Gulf of Maine, New England","-0.70084","0.15404","0.10921","8.58171","0.00458060708606845"
"656","insectivorous","larva","Cape Cod Bay, Gulf of Maine, New England","-0.70084","0.15404","0.10921","8.58171","0.00458060708606845"
"657","insectivorous","larva","Great Channel South, Gulf of Maine, New England","-0.70084","0.15404","0.10921","8.58171","0.00458060708606845"
"658","insectivorous","larva","South of Marthas Vineyard, New England","-0.70084","0.15404","0.10921","8.58171","0.00458060708606845"
"659","insectivorous","larva","Gulf of Maine, New England","-0.70084","0.15404","0.10921","8.58171","0.00458060708606845"
"660","insectivorous","larva","Andaman Sea (West of South Thailand)","-0.70084","0.15404","0.10921","8.58171","0.00458060708606845"
"661","insectivorous","larva","Mid Atlantic","-0.70084","0.15404","0.10921","8.58171","0.00458060708606845"
"662","insectivorous","larva","NE North Sea and Skaggerak","-0.70084","0.15404","0.10921","8.58171","0.00458060708606845"
"663","insectivorous","larva","W Greenland","-0.70084","0.15404","0.10921","8.58171","0.00458060708606845"
"664","insectivorous","larva","French Polynesian EEZ","-0.70084","0.15404","0.10921","8.58171","0.00458060708606845"
"665","insectivorous","larva","Catalan Sea","-0.70084","0.15404","0.10921","8.58171","0.00458060708606845"
"666","insectivorous","larva","Western North Pacific","-0.70084","0.15404","0.10921","8.58171","0.00458060708606845"
"667","insectivorous","larva","Atlantic Ocean","-0.70084","0.15404","0.10921","8.58171","0.00458060708606845"
"668","insectivorous","larva","Off the Bay of Biscay","-0.70084","0.15404","0.10921","8.58171","0.00458060708606845"
"669","insectivorous","larva","Great South Bay, Long Island, New York","-0.70084","0.15404","0.10921","8.58171","0.00458060708606845"
"670","insectivorous","larva","Strait of Georgia","-0.70084","0.15404","0.10921","8.58171","0.00458060708606845"
"671","insectivorous","larva","Europe, Celtic Sea ecosystem","-0.70084","0.15404","0.10921","8.58171","0.00458060708606845"
"672","insectivorous","larva","Antarctic Peninsula","-0.70084","0.15404","0.10921","8.58171","0.00458060708606845"
"673","insectivorous","larva","Oxwich Bay, Wales","-0.70084","0.15404","0.10921","8.58171","0.00458060708606845"
"674","insectivorous","larva","Greenland","-0.70084","0.15404","0.10921","8.58171","0.00458060708606845"
"675","insectivorous","larva","Eastern Mediterranean","-0.70084","0.15404","0.10921","8.58171","0.00458060708606845"
"676","insectivorous","larva / juvenile","Apalachicola Bay, Florida","-0.70084","0.15404","0.10921","8.58171","0.00458060708606845"
"677","insectivorous","larva / juvenile","Crooked Island Sound, Florida","-0.70084","0.15404","0.10921","8.58171","0.00458060708606845"
"678","insectivorous","larva / juvenile","Gulf of Alaska","-0.70084","0.15404","0.10921","8.58171","0.00458060708606845"
"679","insectivorous","larva / juvenile","Jeffreys Ledge, Gulf of Maine, New England","-0.70084","0.15404","0.10921","8.58171","0.00458060708606845"
"680","insectivorous","larva / juvenile","Stellwagen Bank, Gulf of Maine, New England","-0.70084","0.15404","0.10921","8.58171","0.00458060708606845"
"681","insectivorous","larva / juvenile","Cape Cod Bay, Gulf of Maine, New England","-0.70084","0.15404","0.10921","8.58171","0.00458060708606845"
"682","insectivorous","larva / juvenile","Great Channel South, Gulf of Maine, New England","-0.70084","0.15404","0.10921","8.58171","0.00458060708606845"
"683","insectivorous","larva / juvenile","South of Marthas Vineyard, New England","-0.70084","0.15404","0.10921","8.58171","0.00458060708606845"
"684","insectivorous","larva / juvenile","Gulf of Maine, New England","-0.70084","0.15404","0.10921","8.58171","0.00458060708606845"
"685","insectivorous","larva / juvenile","Andaman Sea (West of South Thailand)","-0.70084","0.15404","0.10921","8.58171","0.00458060708606845"
"686","insectivorous","larva / juvenile","Mid Atlantic","-0.70084","0.15404","0.10921","8.58171","0.00458060708606845"
"687","insectivorous","larva / juvenile","NE North Sea and Skaggerak","-0.70084","0.15404","0.10921","8.58171","0.00458060708606845"
"688","insectivorous","larva / juvenile","W Greenland","-0.70084","0.15404","0.10921","8.58171","0.00458060708606845"
"689","insectivorous","larva / juvenile","French Polynesian EEZ","-0.70084","0.15404","0.10921","8.58171","0.00458060708606845"
"690","insectivorous","larva / juvenile","Catalan Sea","-0.70084","0.15404","0.10921","8.58171","0.00458060708606845"
"691","insectivorous","larva / juvenile","Western North Pacific","-0.70084","0.15404","0.10921","8.58171","0.00458060708606845"
"692","insectivorous","larva / juvenile","Atlantic Ocean","-0.70084","0.15404","0.10921","8.58171","0.00458060708606845"
"693","insectivorous","larva / juvenile","Off the Bay of Biscay","-0.70084","0.15404","0.10921","8.58171","0.00458060708606845"
"694","insectivorous","larva / juvenile","Great South Bay, Long Island, New York","-0.70084","0.15404","0.10921","8.58171","0.00458060708606845"
"695","insectivorous","larva / juvenile","Strait of Georgia","0.41086","0.38425","0.12558","4.30836","0.0465944025225442"
"696","insectivorous","larva / juvenile","Europe, Celtic Sea ecosystem","0.41086","0.38425","0.12558","4.30836","0.0465944025225442"
"697","insectivorous","larva / juvenile","Antarctic Peninsula","0.41086","0.38425","0.12558","4.30836","0.0465944025225442"
"698","insectivorous","larva / juvenile","Oxwich Bay, Wales","0.41086","0.38425","0.12558","4.30836","0.0465944025225442"
"699","insectivorous","larva / juvenile","Greenland","0.41086","0.38425","0.12558","4.30836","0.0465944025225442"
"700","insectivorous","larva / juvenile","Eastern Mediterranean","0.41086","0.38425","0.12558","4.30836","0.0465944025225442"
"701","insectivorous","postlarva/juvenile","Apalachicola Bay, Florida","0.41086","0.38425","0.12558","4.30836","0.0465944025225442"
"702","insectivorous","postlarva/juvenile","Crooked Island Sound, Florida","0.41086","0.38425","0.12558","4.30836","0.0465944025225442"
"703","insectivorous","postlarva/juvenile","Gulf of Alaska","0.41086","0.38425","0.12558","4.30836","0.0465944025225442"
"704","insectivorous","postlarva/juvenile","Jeffreys Ledge, Gulf of Maine, New England","0.41086","0.38425","0.12558","4.30836","0.0465944025225442"
"705","insectivorous","postlarva/juvenile","Stellwagen Bank, Gulf of Maine, New England","0.41086","0.38425","0.12558","4.30836","0.0465944025225442"
"706","insectivorous","postlarva/juvenile","Cape Cod Bay, Gulf of Maine, New England","0.41086","0.38425","0.12558","4.30836","0.0465944025225442"
"707","insectivorous","postlarva/juvenile","Great Channel South, Gulf of Maine, New England","0.41086","0.38425","0.12558","4.30836","0.0465944025225442"
"708","insectivorous","postlarva/juvenile","South of Marthas Vineyard, New England","0.41086","0.38425","0.12558","4.30836","0.0465944025225442"
"709","insectivorous","postlarva/juvenile","Gulf of Maine, New England","0.41086","0.38425","0.12558","4.30836","0.0465944025225442"
"710","insectivorous","postlarva/juvenile","Andaman Sea (West of South Thailand)","0.41086","0.38425","0.12558","4.30836","0.0465944025225442"
"711","insectivorous","postlarva/juvenile","Mid Atlantic","0.41086","0.38425","0.12558","4.30836","0.0465944025225442"
"712","insectivorous","postlarva/juvenile","NE North Sea and Skaggerak","0.41086","0.38425","0.12558","4.30836","0.0465944025225442"
"713","insectivorous","postlarva/juvenile","W Greenland","0.41086","0.38425","0.12558","4.30836","0.0465944025225442"
"714","insectivorous","postlarva/juvenile","French Polynesian EEZ","0.41086","0.38425","0.12558","4.30836","0.0465944025225442"
"715","insectivorous","postlarva/juvenile","Catalan Sea","0.41086","0.38425","0.12558","4.30836","0.0465944025225442"
"716","insectivorous","postlarva/juvenile","Western North Pacific","0.41086","0.38425","0.12558","4.30836","0.0465944025225442"
"717","insectivorous","postlarva/juvenile","Atlantic Ocean","0.41086","0.38425","0.12558","4.30836","0.0465944025225442"
"718","insectivorous","postlarva/juvenile","Off the Bay of Biscay","0.41086","0.38425","0.12558","4.30836","0.0465944025225442"
"719","insectivorous","postlarva/juvenile","Great South Bay, Long Island, New York","0.41086","0.38425","0.12558","4.30836","0.0465944025225442"
"720","insectivorous","postlarva/juvenile","Strait of Georgia","0.41086","0.38425","0.12558","4.30836","0.0465944025225442"
"721","insectivorous","postlarva/juvenile","Europe, Celtic Sea ecosystem","0.41086","0.38425","0.12558","4.30836","0.0465944025225442"
"722","insectivorous","postlarva/juvenile","Antarctic Peninsula","0.41086","0.38425","0.12558","4.30836","0.0465944025225442"
"723","insectivorous","postlarva/juvenile","Oxwich Bay, Wales","0.41086","0.38425","0.12558","4.30836","0.0465944025225442"
"724","insectivorous","postlarva/juvenile","Greenland","0.41086","0.38425","0.12558","4.30836","0.0465944025225442"
"725","insectivorous","postlarva/juvenile","Eastern Mediterranean","0.41086","0.38425","0.12558","4.30836","0.0465944025225442"
"726","insectivorous","postlarva","Apalachicola Bay, Florida","0.41086","0.38425","0.12558","4.30836","0.0465944025225442"
"727","insectivorous","postlarva","Crooked Island Sound, Florida","0.41086","0.38425","0.12558","4.30836","0.0465944025225442"
"728","insectivorous","postlarva","Gulf of Alaska","0.41086","0.38425","0.12558","4.30836","0.0465944025225442"
"729","insectivorous","postlarva","Jeffreys Ledge, Gulf of Maine, New England","0.41086","0.38425","0.12558","4.30836","0.0465944025225442"
"730","insectivorous","postlarva","Stellwagen Bank, Gulf of Maine, New England","0.41086","0.38425","0.12558","4.30836","0.0465944025225442"
"731","insectivorous","postlarva","Cape Cod Bay, Gulf of Maine, New England","0.41086","0.38425","0.12558","4.30836","0.0465944025225442"
"732","insectivorous","postlarva","Great Channel South, Gulf of Maine, New England","0.41086","0.38425","0.12558","4.30836","0.0465944025225442"
"733","insectivorous","postlarva","South of Marthas Vineyard, New England","0.41086","0.38425","0.12558","4.30836","0.0465944025225442"
"734","insectivorous","postlarva","Gulf of Maine, New England","0.41086","0.38425","0.12558","4.30836","0.0465944025225442"
"735","insectivorous","postlarva","Andaman Sea (West of South Thailand)","0.41086","0.38425","0.12558","4.30836","0.0465944025225442"
"736","insectivorous","postlarva","Mid Atlantic","0.41086","0.38425","0.12558","4.30836","0.0465944025225442"
"737","insectivorous","postlarva","NE North Sea and Skaggerak","0.41086","0.38425","0.12558","4.30836","0.0465944025225442"
"738","insectivorous","postlarva","W Greenland","0.41086","0.38425","0.12558","4.30836","0.0465944025225442"
"739","insectivorous","postlarva","French Polynesian EEZ","0.41086","0.38425","0.12558","4.30836","0.0465944025225442"
"740","insectivorous","postlarva","Catalan Sea","0.41086","0.38425","0.12558","4.30836","0.0465944025225442"
"741","insectivorous","postlarva","Western North Pacific","0.41086","0.38425","0.12558","4.30836","0.0465944025225442"
"742","insectivorous","postlarva","Atlantic Ocean","0.41086","0.38425","0.12558","4.30836","0.0465944025225442"
"743","insectivorous","postlarva","Off the Bay of Biscay","0.41086","0.38425","0.12558","4.30836","0.0465944025225442"
"744","insectivorous","postlarva","Great South Bay, Long Island, New York","0.41086","0.38425","0.12558","4.30836","0.0465944025225442"
"745","insectivorous","postlarva","Strait of Georgia","0.41086","0.38425","0.12558","4.30836","0.0465944025225442"
"746","insectivorous","postlarva","Europe, Celtic Sea ecosystem","0.41086","0.38425","0.12558","4.30836","0.0465944025225442"
"747","insectivorous","postlarva","Antarctic Peninsula","0.41086","0.38425","0.12558","4.30836","0.0465944025225442"
"748","insectivorous","postlarva","Oxwich Bay, Wales","0.41086","0.38425","0.12558","4.30836","0.0465944025225442"
"749","insectivorous","postlarva","Greenland","0.41086","0.38425","0.12558","4.30836","0.0465944025225442"
"750","insectivorous","postlarva","Eastern Mediterranean","0.41086","0.38425","0.12558","4.30836","0.0465944025225442"
